id,asset,milestone_year,rep_period,time_block_start,time_block_end,solution
1,AT_Hydro_Reservoir,2050,1,1,24,9.941524386074493
2,AT_Hydro_Reservoir,2050,2,1,24,-9.870146500670327
3,AT_Hydro_Reservoir,2050,3,1,24,2.4400617993934066
4,AT_Pump_Hydro_Closed,2050,1,1,24,-0.018444395168714944
5,AT_Pump_Hydro_Closed,2050,2,1,24,-0.0020972716864109957
6,AT_Pump_Hydro_Closed,2050,3,1,24,0.01543022260239845
7,AT_Pump_Hydro_Open,2050,1,1,24,-33.09032759065952
8,AT_Pump_Hydro_Open,2050,2,1,24,16.516320043347417
9,AT_Pump_Hydro_Open,2050,3,1,24,7.852890242765089
10,BG_Hydro_Reservoir,2050,1,1,24,-12.51188745116377
11,BG_Hydro_Reservoir,2050,2,1,24,3.946555991712233
12,BG_Hydro_Reservoir,2050,3,1,24,5.216858468934374
13,BG_Pump_Hydro_Closed,2050,1,1,24,-0.04037886778178927
14,BG_Pump_Hydro_Closed,2050,2,1,24,0.14800203798426775
15,BG_Pump_Hydro_Closed,2050,3,1,24,-0.1154337987840693
16,BG_Pump_Hydro_Open,2050,1,1,24,1.5776415943168933
17,BG_Pump_Hydro_Open,2050,2,1,24,-1.6652407615551925
18,BG_Pump_Hydro_Open,2050,3,1,24,0.4839539585203665
19,CH_Pump_Hydro_Closed,2050,1,1,24,-1.3586866114142768
20,CH_Pump_Hydro_Closed,2050,2,1,24,0.6936108514307582
21,CH_Pump_Hydro_Closed,2050,3,1,24,0.3073294830387868
22,CH_Pump_Hydro_Open,2050,1,1,24,26.153770902116577
23,CH_Pump_Hydro_Open,2050,2,1,24,40.17183816335939
24,CH_Pump_Hydro_Open,2050,3,1,24,-58.253871440719756
25,CZ_Hydro_Reservoir,2050,1,1,24,0.04852452183622418
26,CZ_Hydro_Reservoir,2050,2,1,24,-0.024771816122527088
27,CZ_Hydro_Reservoir,2050,3,1,24,-0.010976052965670953
28,CZ_Pump_Hydro_Closed,2050,1,1,24,0.0718162923176118
29,CZ_Pump_Hydro_Closed,2050,2,1,24,-0.0366622878613401
30,CZ_Pump_Hydro_Closed,2050,3,1,24,-0.016244558389193007
31,CZ_Pump_Hydro_Open,2050,1,1,24,0.04464256008932625
32,CZ_Pump_Hydro_Open,2050,2,1,24,-0.02279007083272492
33,CZ_Pump_Hydro_Open,2050,3,1,24,-0.010097968728417277
34,DE_Hydro_Reservoir,2050,1,1,24,1.6903909382214344
35,DE_Hydro_Reservoir,2050,2,1,24,-2.08321696490698
36,DE_Hydro_Reservoir,2050,3,1,24,0.810885966111937
37,DE_Pump_Hydro_Closed,2050,1,1,24,0.6400055055829013
38,DE_Pump_Hydro_Closed,2050,2,1,24,-3.159834079170522
39,DE_Pump_Hydro_Closed,2050,3,1,24,2.625599629937435
40,DE_Pump_Hydro_Open,2050,1,1,24,1.7899866175182544
41,DE_Pump_Hydro_Open,2050,2,1,24,-6.560898854047273
42,DE_Pump_Hydro_Open,2050,3,1,24,5.11715573971507
43,ES_Hydro_Reservoir,2050,1,1,24,-23.631570821849753
44,ES_Hydro_Reservoir,2050,2,1,24,-19.381953307538716
45,ES_Hydro_Reservoir,2050,3,1,24,36.09483459763582
46,ES_Pump_Hydro_Closed,2050,1,1,24,1.9215710647144777
47,ES_Pump_Hydro_Closed,2050,2,1,24,-0.9809639184520725
48,ES_Pump_Hydro_Closed,2050,3,1,24,-0.4346516974405698
49,ES_Pump_Hydro_Open,2050,1,1,24,-53.76315921819468
50,ES_Pump_Hydro_Open,2050,2,1,24,-15.29014112993552
51,ES_Pump_Hydro_Open,2050,3,1,24,53.950826811850014
52,FI_Hydro_Reservoir,2050,1,1,24,-10.578889419201216
53,FI_Hydro_Reservoir,2050,2,1,24,17.87959334737418
54,FI_Hydro_Reservoir,2050,3,1,24,-9.809786191529051
55,FR_Hydro_Reservoir,2050,1,1,24,57.32182508208899
56,FR_Hydro_Reservoir,2050,2,1,24,-14.731203301288792
57,FR_Hydro_Reservoir,2050,3,1,24,-25.34382872686909
58,FR_Pump_Hydro_Closed,2050,1,1,24,0.042956242321052315
59,FR_Pump_Hydro_Closed,2050,2,1,24,-0.1574489765790082
60,FR_Pump_Hydro_Closed,2050,3,1,24,0.12280191360007374
61,FR_Pump_Hydro_Open,2050,1,1,24,0.3866061808894718
62,FR_Pump_Hydro_Open,2050,2,1,24,-1.417040789211074
63,FR_Pump_Hydro_Open,2050,3,1,24,1.1052172224006631
64,GR_Hydro_Reservoir,2050,1,1,24,-45.68130314066173
65,GR_Hydro_Reservoir,2050,2,1,24,23.619318280319963
66,GR_Hydro_Reservoir,2050,3,1,24,10.04058134342242
67,GR_Pump_Hydro_Closed,2050,1,1,24,-0.0
68,GR_Pump_Hydro_Closed,2050,2,1,24,-0.0
69,GR_Pump_Hydro_Closed,2050,3,1,24,-0.0
70,GR_Pump_Hydro_Open,2050,1,1,24,-0.04609623249481587
71,GR_Pump_Hydro_Open,2050,2,1,24,0.06951923615855476
72,GR_Pump_Hydro_Open,2050,3,1,24,-0.0345418144271069
73,HR_Hydro_Reservoir,2050,1,1,24,-18.865706337976626
74,HR_Hydro_Reservoir,2050,2,1,24,-4.783472138550132
75,HR_Hydro_Reservoir,2050,3,1,24,18.362547665430345
76,HR_Pump_Hydro_Open,2050,1,1,24,-0.35519949984116106
77,HR_Pump_Hydro_Open,2050,2,1,24,0.18132969401689827
78,HR_Pump_Hydro_Open,2050,3,1,24,0.0803447077087114
79,IE_Pump_Hydro_Closed,2050,1,1,24,-0.031125767579232376
80,IE_Pump_Hydro_Closed,2050,2,1,24,0.023553655530558194
81,IE_Pump_Hydro_Closed,2050,3,1,24,-0.000453665022433529
82,IT_Hydro_Reservoir,2050,1,1,24,-59.734350116990086
83,IT_Hydro_Reservoir,2050,2,1,24,-3.2469834518613747
84,IT_Hydro_Reservoir,2050,3,1,24,46.5058347806868
85,IT_Pump_Hydro_Closed,2050,1,1,24,-1.2228179502728496
86,IT_Pump_Hydro_Closed,2050,2,1,24,0.6242497662876826
87,IT_Pump_Hydro_Closed,2050,3,1,24,0.2765965347349081
88,IT_Pump_Hydro_Open,2050,1,1,24,-2.567533720590265
89,IT_Pump_Hydro_Open,2050,2,1,24,-0.784052265068834
90,IT_Pump_Hydro_Open,2050,3,1,24,2.6291539438127245
91,LT_Pump_Hydro_Closed,2050,1,1,24,-0.1940783154940372
92,LT_Pump_Hydro_Closed,2050,2,1,24,0.14686396977877467
93,LT_Pump_Hydro_Closed,2050,3,1,24,-0.0028287348457620024
94,LU_Pump_Hydro_Closed,2050,1,1,24,-0.05605486897835409
95,LU_Pump_Hydro_Closed,2050,2,1,24,-0.0
96,LU_Pump_Hydro_Closed,2050,3,1,24,0.04066169900240567
97,NO_Hydro_Reservoir,2050,1,1,24,94.58645932122263
98,NO_Hydro_Reservoir,2050,2,1,24,156.16323203841335
99,NO_Hydro_Reservoir,2050,3,1,24,-221.3168858444587
100,NO_Pump_Hydro_Open,2050,1,1,24,0.019588046498399892
101,NO_Pump_Hydro_Open,2050,2,1,24,-0.07179673332002774
102,NO_Pump_Hydro_Open,2050,3,1,24,0.0559976726016336
103,PL_Hydro_Reservoir,2050,1,1,24,0.0034364993856841903
104,PL_Hydro_Reservoir,2050,2,1,24,-0.012595918126320656
105,PL_Hydro_Reservoir,2050,3,1,24,0.009824153088005898
106,PL_Pump_Hydro_Closed,2050,1,1,24,0.02706243266226303
107,PL_Pump_Hydro_Closed,2050,2,1,24,-0.09919285524477518
108,PL_Pump_Hydro_Closed,2050,3,1,24,0.07736520556804642
109,PL_Pump_Hydro_Open,2050,1,1,24,0.006443436348157856
110,PL_Pump_Hydro_Open,2050,2,1,24,-0.02361734648685123
111,PL_Pump_Hydro_Open,2050,3,1,24,0.018420287040011057
112,PT_Hydro_Reservoir,2050,1,1,24,-11.196779925913601
113,PT_Hydro_Reservoir,2050,2,1,24,7.477899144396204
114,PT_Hydro_Reservoir,2050,3,1,24,0.8097560505803969
115,PT_Pump_Hydro_Open,2050,1,1,24,-36.94628611654883
116,PT_Pump_Hydro_Open,2050,2,1,24,27.95818911477259
117,PT_Pump_Hydro_Open,2050,3,1,24,-0.5385003816286038
118,RO_Hydro_Reservoir,2050,1,1,24,13.000620145685666
119,RO_Hydro_Reservoir,2050,2,1,24,16.09870348873719
120,RO_Hydro_Reservoir,2050,3,1,24,-25.172702006020767
121,RO_Pump_Hydro_Open,2050,1,1,24,-1.4073965274094355
122,RO_Pump_Hydro_Open,2050,2,1,24,2.4366533243637822
123,RO_Pump_Hydro_Open,2050,3,1,24,-1.3617764493533393
124,SE_Hydro_Reservoir,2050,1,1,24,81.98264823281447
125,SE_Hydro_Reservoir,2050,2,1,24,5.548497885386851
126,SE_Hydro_Reservoir,2050,3,1,24,-64.89509387509104
127,SI_Pump_Hydro_Closed,2050,1,1,24,-0.029148531868744134
128,SI_Pump_Hydro_Closed,2050,2,1,24,-0.0
129,SI_Pump_Hydro_Closed,2050,3,1,24,0.021144083481250953
130,SK_Hydro_Reservoir,2050,1,1,24,0.04562903178451853
131,SK_Hydro_Reservoir,2050,2,1,24,-0.042637523760492395
132,SK_Hydro_Reservoir,2050,3,1,24,0.00859434900921248
133,SK_Pump_Hydro_Closed,2050,1,1,24,-0.03623856659120158
134,SK_Pump_Hydro_Closed,2050,2,1,24,0.06434284980030293
135,SK_Pump_Hydro_Closed,2050,3,1,24,-0.03663073083517275
136,SK_Pump_Hydro_Open,2050,1,1,24,-0.195665683772394
137,SK_Pump_Hydro_Open,2050,2,1,24,0.7171800883173824
138,SK_Pump_Hydro_Open,2050,3,1,24,-0.5593627164483356
139,UK_Pump_Hydro_Closed,2050,1,1,24,0.11340447972757847
140,UK_Pump_Hydro_Closed,2050,2,1,24,-0.4156652981685817
141,UK_Pump_Hydro_Closed,2050,3,1,24,0.3241970519041945
