year,period,num_timesteps
2030,1,24
2030,2,24
2030,3,24
2030,4,24
2030,5,24
2030,6,24
2030,7,24
2030,8,24
2030,9,24
2030,10,24
2030,11,24
2030,12,24
2030,13,24
2030,14,24
2030,15,24
2030,16,24
2030,17,24
2030,18,24
2030,19,24
2030,20,24
2030,21,24
2030,22,24
2030,23,24
2030,24,24
2030,25,24
2030,26,24
2030,27,24
2030,28,24
2030,29,24
2030,30,24
2030,31,24
2030,32,24
2030,33,24
2030,34,24
2030,35,24
2030,36,24
2030,37,24
2030,38,24
2030,39,24
2030,40,24
2030,41,24
2030,42,24
2030,43,24
2030,44,24
2030,45,24
2030,46,24
2030,47,24
2030,48,24
2030,49,24
2030,50,24
2030,51,24
2030,52,24
2030,53,24
2030,54,24
2030,55,24
2030,56,24
2030,57,24
2030,58,24
2030,59,24
2030,60,24
2030,61,24
2030,62,24
2030,63,24
2030,64,24
2030,65,24
2030,66,24
2030,67,24
2030,68,24
2030,69,24
2030,70,24
2030,71,24
2030,72,24
2030,73,24
2030,74,24
2030,75,24
2030,76,24
2030,77,24
2030,78,24
2030,79,24
2030,80,24
2030,81,24
2030,82,24
2030,83,24
2030,84,24
2030,85,24
2030,86,24
2030,87,24
2030,88,24
2030,89,24
2030,90,24
2030,91,24
2030,92,24
2030,93,24
2030,94,24
2030,95,24
2030,96,24
2030,97,24
2030,98,24
2030,99,24
2030,100,24
2030,101,24
2030,102,24
2030,103,24
2030,104,24
2030,105,24
2030,106,24
2030,107,24
2030,108,24
2030,109,24
2030,110,24
2030,111,24
2030,112,24
2030,113,24
2030,114,24
2030,115,24
2030,116,24
2030,117,24
2030,118,24
2030,119,24
2030,120,24
2030,121,24
2030,122,24
2030,123,24
2030,124,24
2030,125,24
2030,126,24
2030,127,24
2030,128,24
2030,129,24
2030,130,24
2030,131,24
2030,132,24
2030,133,24
2030,134,24
2030,135,24
2030,136,24
2030,137,24
2030,138,24
2030,139,24
2030,140,24
2030,141,24
2030,142,24
2030,143,24
2030,144,24
2030,145,24
2030,146,24
2030,147,24
2030,148,24
2030,149,24
2030,150,24
2030,151,24
2030,152,24
2030,153,24
2030,154,24
2030,155,24
2030,156,24
2030,157,24
2030,158,24
2030,159,24
2030,160,24
2030,161,24
2030,162,24
2030,163,24
2030,164,24
2030,165,24
2030,166,24
2030,167,24
2030,168,24
2030,169,24
2030,170,24
2030,171,24
2030,172,24
2030,173,24
2030,174,24
2030,175,24
2030,176,24
2030,177,24
2030,178,24
2030,179,24
2030,180,24
2030,181,24
2030,182,24
2030,183,24
2030,184,24
2030,185,24
2030,186,24
2030,187,24
2030,188,24
2030,189,24
2030,190,24
2030,191,24
2030,192,24
2030,193,24
2030,194,24
2030,195,24
2030,196,24
2030,197,24
2030,198,24
2030,199,24
2030,200,24
2030,201,24
2030,202,24
2030,203,24
2030,204,24
2030,205,24
2030,206,24
2030,207,24
2030,208,24
2030,209,24
2030,210,24
2030,211,24
2030,212,24
2030,213,24
2030,214,24
2030,215,24
2030,216,24
2030,217,24
2030,218,24
2030,219,24
2030,220,24
2030,221,24
2030,222,24
2030,223,24
2030,224,24
2030,225,24
2030,226,24
2030,227,24
2030,228,24
2030,229,24
2030,230,24
2030,231,24
2030,232,24
2030,233,24
2030,234,24
2030,235,24
2030,236,24
2030,237,24
2030,238,24
2030,239,24
2030,240,24
2030,241,24
2030,242,24
2030,243,24
2030,244,24
2030,245,24
2030,246,24
2030,247,24
2030,248,24
2030,249,24
2030,250,24
2030,251,24
2030,252,24
2030,253,24
2030,254,24
2030,255,24
2030,256,24
2030,257,24
2030,258,24
2030,259,24
2030,260,24
2030,261,24
2030,262,24
2030,263,24
2030,264,24
2030,265,24
2030,266,24
2030,267,24
2030,268,24
2030,269,24
2030,270,24
2030,271,24
2030,272,24
2030,273,24
2030,274,24
2030,275,24
2030,276,24
2030,277,24
2030,278,24
2030,279,24
2030,280,24
2030,281,24
2030,282,24
2030,283,24
2030,284,24
2030,285,24
2030,286,24
2030,287,24
2030,288,24
2030,289,24
2030,290,24
2030,291,24
2030,292,24
2030,293,24
2030,294,24
2030,295,24
2030,296,24
2030,297,24
2030,298,24
2030,299,24
2030,300,24
2030,301,24
2030,302,24
2030,303,24
2030,304,24
2030,305,24
2030,306,24
2030,307,24
2030,308,24
2030,309,24
2030,310,24
2030,311,24
2030,312,24
2030,313,24
2030,314,24
2030,315,24
2030,316,24
2030,317,24
2030,318,24
2030,319,24
2030,320,24
2030,321,24
2030,322,24
2030,323,24
2030,324,24
2030,325,24
2030,326,24
2030,327,24
2030,328,24
2030,329,24
2030,330,24
2030,331,24
2030,332,24
2030,333,24
2030,334,24
2030,335,24
2030,336,24
2030,337,24
2030,338,24
2030,339,24
2030,340,24
2030,341,24
2030,342,24
2030,343,24
2030,344,24
2030,345,24
2030,346,24
2030,347,24
2030,348,24
2030,349,24
2030,350,24
2030,351,24
2030,352,24
2030,353,24
2030,354,24
2030,355,24
2030,356,24
2030,357,24
2030,358,24
2030,359,24
2030,360,24
2030,361,24
2030,362,24
2030,363,24
2030,364,24
2030,365,24
2050,1,24
2050,2,24
2050,3,24
2050,4,24
2050,5,24
2050,6,24
2050,7,24
2050,8,24
2050,9,24
2050,10,24
2050,11,24
2050,12,24
2050,13,24
2050,14,24
2050,15,24
2050,16,24
2050,17,24
2050,18,24
2050,19,24
2050,20,24
2050,21,24
2050,22,24
2050,23,24
2050,24,24
2050,25,24
2050,26,24
2050,27,24
2050,28,24
2050,29,24
2050,30,24
2050,31,24
2050,32,24
2050,33,24
2050,34,24
2050,35,24
2050,36,24
2050,37,24
2050,38,24
2050,39,24
2050,40,24
2050,41,24
2050,42,24
2050,43,24
2050,44,24
2050,45,24
2050,46,24
2050,47,24
2050,48,24
2050,49,24
2050,50,24
2050,51,24
2050,52,24
2050,53,24
2050,54,24
2050,55,24
2050,56,24
2050,57,24
2050,58,24
2050,59,24
2050,60,24
2050,61,24
2050,62,24
2050,63,24
2050,64,24
2050,65,24
2050,66,24
2050,67,24
2050,68,24
2050,69,24
2050,70,24
2050,71,24
2050,72,24
2050,73,24
2050,74,24
2050,75,24
2050,76,24
2050,77,24
2050,78,24
2050,79,24
2050,80,24
2050,81,24
2050,82,24
2050,83,24
2050,84,24
2050,85,24
2050,86,24
2050,87,24
2050,88,24
2050,89,24
2050,90,24
2050,91,24
2050,92,24
2050,93,24
2050,94,24
2050,95,24
2050,96,24
2050,97,24
2050,98,24
2050,99,24
2050,100,24
2050,101,24
2050,102,24
2050,103,24
2050,104,24
2050,105,24
2050,106,24
2050,107,24
2050,108,24
2050,109,24
2050,110,24
2050,111,24
2050,112,24
2050,113,24
2050,114,24
2050,115,24
2050,116,24
2050,117,24
2050,118,24
2050,119,24
2050,120,24
2050,121,24
2050,122,24
2050,123,24
2050,124,24
2050,125,24
2050,126,24
2050,127,24
2050,128,24
2050,129,24
2050,130,24
2050,131,24
2050,132,24
2050,133,24
2050,134,24
2050,135,24
2050,136,24
2050,137,24
2050,138,24
2050,139,24
2050,140,24
2050,141,24
2050,142,24
2050,143,24
2050,144,24
2050,145,24
2050,146,24
2050,147,24
2050,148,24
2050,149,24
2050,150,24
2050,151,24
2050,152,24
2050,153,24
2050,154,24
2050,155,24
2050,156,24
2050,157,24
2050,158,24
2050,159,24
2050,160,24
2050,161,24
2050,162,24
2050,163,24
2050,164,24
2050,165,24
2050,166,24
2050,167,24
2050,168,24
2050,169,24
2050,170,24
2050,171,24
2050,172,24
2050,173,24
2050,174,24
2050,175,24
2050,176,24
2050,177,24
2050,178,24
2050,179,24
2050,180,24
2050,181,24
2050,182,24
2050,183,24
2050,184,24
2050,185,24
2050,186,24
2050,187,24
2050,188,24
2050,189,24
2050,190,24
2050,191,24
2050,192,24
2050,193,24
2050,194,24
2050,195,24
2050,196,24
2050,197,24
2050,198,24
2050,199,24
2050,200,24
2050,201,24
2050,202,24
2050,203,24
2050,204,24
2050,205,24
2050,206,24
2050,207,24
2050,208,24
2050,209,24
2050,210,24
2050,211,24
2050,212,24
2050,213,24
2050,214,24
2050,215,24
2050,216,24
2050,217,24
2050,218,24
2050,219,24
2050,220,24
2050,221,24
2050,222,24
2050,223,24
2050,224,24
2050,225,24
2050,226,24
2050,227,24
2050,228,24
2050,229,24
2050,230,24
2050,231,24
2050,232,24
2050,233,24
2050,234,24
2050,235,24
2050,236,24
2050,237,24
2050,238,24
2050,239,24
2050,240,24
2050,241,24
2050,242,24
2050,243,24
2050,244,24
2050,245,24
2050,246,24
2050,247,24
2050,248,24
2050,249,24
2050,250,24
2050,251,24
2050,252,24
2050,253,24
2050,254,24
2050,255,24
2050,256,24
2050,257,24
2050,258,24
2050,259,24
2050,260,24
2050,261,24
2050,262,24
2050,263,24
2050,264,24
2050,265,24
2050,266,24
2050,267,24
2050,268,24
2050,269,24
2050,270,24
2050,271,24
2050,272,24
2050,273,24
2050,274,24
2050,275,24
2050,276,24
2050,277,24
2050,278,24
2050,279,24
2050,280,24
2050,281,24
2050,282,24
2050,283,24
2050,284,24
2050,285,24
2050,286,24
2050,287,24
2050,288,24
2050,289,24
2050,290,24
2050,291,24
2050,292,24
2050,293,24
2050,294,24
2050,295,24
2050,296,24
2050,297,24
2050,298,24
2050,299,24
2050,300,24
2050,301,24
2050,302,24
2050,303,24
2050,304,24
2050,305,24
2050,306,24
2050,307,24
2050,308,24
2050,309,24
2050,310,24
2050,311,24
2050,312,24
2050,313,24
2050,314,24
2050,315,24
2050,316,24
2050,317,24
2050,318,24
2050,319,24
2050,320,24
2050,321,24
2050,322,24
2050,323,24
2050,324,24
2050,325,24
2050,326,24
2050,327,24
2050,328,24
2050,329,24
2050,330,24
2050,331,24
2050,332,24
2050,333,24
2050,334,24
2050,335,24
2050,336,24
2050,337,24
2050,338,24
2050,339,24
2050,340,24
2050,341,24
2050,342,24
2050,343,24
2050,344,24
2050,345,24
2050,346,24
2050,347,24
2050,348,24
2050,349,24
2050,350,24
2050,351,24
2050,352,24
2050,353,24
2050,354,24
2050,355,24
2050,356,24
2050,357,24
2050,358,24
2050,359,24
2050,360,24
2050,361,24
2050,362,24
2050,363,24
2050,364,24
2050,365,24
