id,asset,year,rep_period,time_block_start,time_block_end,dual_balance_storage_rep_period,dual_max_storage_level_rep_period_limit,dual_min_storage_level_rep_period_limit
1,AT_Battery,2050,1,1,4,-1075.6674253581555,0.0,0.0
2,AT_Battery,2050,1,5,8,-1075.6674253581557,0.0,0.0
3,AT_Battery,2050,1,9,12,-0.0,0.0,0.0
4,AT_Battery,2050,1,13,16,-0.0,-823.5578725398383,0.0
5,AT_Battery,2050,1,17,20,-823.5578725398383,-252.10955281831718,0.0
6,AT_Battery,2050,1,21,24,-1075.6674253581555,-0.0,0.0
7,AT_Battery,2050,2,1,4,-4097.976831499415,0.0,0.0
8,AT_Battery,2050,2,5,8,-4097.976831499415,0.0,0.0
9,AT_Battery,2050,2,9,12,-3137.5135116167385,0.0,0.0
10,AT_Battery,2050,2,13,16,-3089.124828437648,-1008.8520030617674,0.0
11,AT_Battery,2050,2,17,20,-4097.976831499415,-0.0,0.0
12,AT_Battery,2050,2,21,24,-4097.976831499415,0.0,0.0
13,AT_Battery,2050,3,1,4,-0.0,0.0,0.0
14,AT_Battery,2050,3,5,8,-0.0,0.0,0.0
15,AT_Battery,2050,3,9,12,-0.0,0.0,0.0
16,AT_Battery,2050,3,13,16,-0.0,2.354632044898608e-12,0.0
17,AT_Battery,2050,3,17,20,2.354632044898608e-12,0.0,0.0
18,AT_Battery,2050,3,21,24,-0.0,0.0,0.0
19,BE_Battery,2050,1,1,1,-1075.6674253581557,0.0,0.0
20,BE_Battery,2050,1,2,2,-1075.6674253581557,0.0,0.0
21,BE_Battery,2050,1,3,3,-1075.6674253581557,0.0,0.0
22,BE_Battery,2050,1,4,4,-1075.6674253581557,0.0,0.0
23,BE_Battery,2050,1,5,5,-1075.6674253581557,0.0,0.0
24,BE_Battery,2050,1,6,6,-1075.6674253581557,0.0,0.0
25,BE_Battery,2050,1,7,7,-1075.6674253581557,0.0,0.0
26,BE_Battery,2050,1,8,8,-1075.6674253581557,0.0,0.0
27,BE_Battery,2050,1,9,9,-0.0,0.0,0.0
28,BE_Battery,2050,1,10,10,-0.0,0.0,0.0
29,BE_Battery,2050,1,11,11,-0.0,0.0,0.0
30,BE_Battery,2050,1,12,12,-0.0,0.0,0.0
31,BE_Battery,2050,1,13,13,-0.0,0.0,0.0
32,BE_Battery,2050,1,14,14,-0.0,0.0,0.0
33,BE_Battery,2050,1,15,15,-0.0,0.0,0.0
34,BE_Battery,2050,1,16,16,-0.0,0.0,0.0
35,BE_Battery,2050,1,17,17,-0.0,0.0,0.0
36,BE_Battery,2050,1,18,18,-0.0,-1075.6674253581557,0.0
37,BE_Battery,2050,1,19,19,-1075.6674253581557,0.0,0.0
38,BE_Battery,2050,1,20,20,-1075.6674253581557,0.0,0.0
39,BE_Battery,2050,1,21,21,-1075.6674253581557,0.0,0.0
40,BE_Battery,2050,1,22,22,-1075.6674253581557,0.0,0.0
41,BE_Battery,2050,1,23,23,-1075.6674253581557,0.0,0.0
42,BE_Battery,2050,1,24,24,-1075.6674253581557,0.0,0.0
43,BE_Battery,2050,2,1,1,-4097.976831499415,0.0,0.0
44,BE_Battery,2050,2,2,2,-4097.976831499415,0.0,0.0
45,BE_Battery,2050,2,3,3,-4097.976831499415,0.0,0.0
46,BE_Battery,2050,2,4,4,-4097.976831499415,0.0,0.0
47,BE_Battery,2050,2,5,5,-4097.976831499415,0.0,0.0
48,BE_Battery,2050,2,6,6,-4097.976831499415,0.0,0.0
49,BE_Battery,2050,2,7,7,-4097.976831499415,0.0,0.0
50,BE_Battery,2050,2,8,8,-4097.976831499415,0.0,0.0
51,BE_Battery,2050,2,9,9,-4097.976831499415,0.0,0.0
52,BE_Battery,2050,2,10,10,-4097.976831499415,0.0,0.0
53,BE_Battery,2050,2,11,11,-4097.976831499415,0.0,0.0
54,BE_Battery,2050,2,12,12,-4097.976831499415,0.0,0.0
55,BE_Battery,2050,2,13,13,-4097.976831499415,0.0,0.0
56,BE_Battery,2050,2,14,14,-4097.976831499415,0.0,0.0
57,BE_Battery,2050,2,15,15,-4097.976831499415,0.0,0.0
58,BE_Battery,2050,2,16,16,-4097.976831499415,-0.0,0.0
59,BE_Battery,2050,2,17,17,-4097.976831499415,0.0,0.0
60,BE_Battery,2050,2,18,18,-4097.976831499415,0.0,0.0
61,BE_Battery,2050,2,19,19,-4097.976831499415,0.0,0.0
62,BE_Battery,2050,2,20,20,-4097.976831499415,0.0,0.0
63,BE_Battery,2050,2,21,21,-4097.976831499415,0.0,0.0
64,BE_Battery,2050,2,22,22,-4097.976831499415,0.0,0.0
65,BE_Battery,2050,2,23,23,-4097.976831499415,0.0,0.0
66,BE_Battery,2050,2,24,24,-4097.976831499415,0.0,0.0
67,BE_Battery,2050,3,1,1,-2.2320714212359167e-13,0.0,0.0
68,BE_Battery,2050,3,2,2,-7.142628547954934e-13,0.0,0.0
69,BE_Battery,2050,3,3,3,-7.142628547954934e-13,0.0,0.0
70,BE_Battery,2050,3,4,4,-7.142628547954934e-13,0.0,0.0
71,BE_Battery,2050,3,5,5,-7.142628547954934e-13,0.0,0.0
72,BE_Battery,2050,3,6,6,-7.142628547954934e-13,0.0,0.0
73,BE_Battery,2050,3,7,7,-7.142628547954934e-13,0.0,0.0
74,BE_Battery,2050,3,8,8,-7.142628547954934e-13,0.0,0.0
75,BE_Battery,2050,3,9,9,-7.142628547954934e-13,0.0,0.0
76,BE_Battery,2050,3,10,10,4.0921309389325143e-13,0.0,0.0
77,BE_Battery,2050,3,11,11,-0.0,0.0,0.0
78,BE_Battery,2050,3,12,12,-0.0,0.0,0.0
79,BE_Battery,2050,3,13,13,-0.0,0.0,0.0
80,BE_Battery,2050,3,14,14,-0.0,0.0,0.0
81,BE_Battery,2050,3,15,15,-0.0,0.0,0.0
82,BE_Battery,2050,3,16,16,-0.0,-0.0,0.0
83,BE_Battery,2050,3,17,17,-0.0,0.0,0.0
84,BE_Battery,2050,3,18,18,-0.0,-1482.8917342651282,0.0
85,BE_Battery,2050,3,19,19,-1482.8917342651282,0.0,0.0
86,BE_Battery,2050,3,20,20,-1482.8917342651282,0.0,0.0
87,BE_Battery,2050,3,21,21,-1482.8917342651282,0.0,0.0
88,BE_Battery,2050,3,22,22,-1482.8917342651282,0.0,0.0
89,BE_Battery,2050,3,23,23,-1482.8917342651282,0.0,0.0
90,BE_Battery,2050,3,24,24,-1482.8917342651282,0.0,0.0
91,BG_Battery,2050,1,1,4,-2279.947260270005,0.0,0.0
92,BG_Battery,2050,1,5,8,-2279.947260270005,0.0,0.0
93,BG_Battery,2050,1,9,12,-2279.947260270005,0.0,0.0
94,BG_Battery,2050,1,13,16,-2279.947260270005,0.0,0.0
95,BG_Battery,2050,1,17,20,-2279.947260270005,0.0,0.0
96,BG_Battery,2050,1,21,24,-2279.947260270005,0.0,0.0
97,BG_Battery,2050,2,1,4,-3073.482623624566,0.0,0.0
98,BG_Battery,2050,2,5,8,-3073.482623624566,0.0,0.0
99,BG_Battery,2050,2,9,12,-3073.482623624566,0.0,0.0
100,BG_Battery,2050,2,13,16,-3073.482623624566,0.0,0.0
101,BG_Battery,2050,2,17,20,-3073.482623624566,0.0,0.0
102,BG_Battery,2050,2,21,24,-3073.482623624566,0.0,0.0
103,BG_Battery,2050,3,1,4,-3143.0857411054353,0.0,0.0
104,BG_Battery,2050,3,5,8,-3143.0857411054353,0.0,0.0
105,BG_Battery,2050,3,9,12,-3143.0857411054353,0.0,0.0
106,BG_Battery,2050,3,13,16,-3143.0857411054353,0.0,0.0
107,BG_Battery,2050,3,17,20,-3143.0857411054353,0.0,0.0
108,BG_Battery,2050,3,21,24,-3143.0857411054353,0.0,0.0
109,CH_Battery,2050,1,1,4,-1075.6674253581557,0.0,0.0
110,CH_Battery,2050,1,5,8,-1075.6674253581557,0.0,0.0
111,CH_Battery,2050,1,9,12,-0.0,0.0,0.0
112,CH_Battery,2050,1,13,16,-0.0,-823.5578725398383,0.0
113,CH_Battery,2050,1,17,20,-823.5578725398383,-252.1095528183174,0.0
114,CH_Battery,2050,1,21,24,-1075.6674253581557,-0.0,0.0
115,CH_Battery,2050,2,1,4,-4097.976831499415,0.0,0.0
116,CH_Battery,2050,2,5,8,-4097.976831499415,0.0,0.0
117,CH_Battery,2050,2,9,12,-3440.1617407601116,0.0,0.0
118,CH_Battery,2050,2,13,16,-3440.1617407601116,-657.8150907393037,0.0
119,CH_Battery,2050,2,17,20,-4097.976831499415,0.0,0.0
120,CH_Battery,2050,2,21,24,-4097.976831499415,0.0,0.0
121,CH_Battery,2050,3,1,4,-4190.780988140573,0.0,0.0
122,CH_Battery,2050,3,5,8,-4190.780988140573,0.0,0.0
123,CH_Battery,2050,3,9,12,-4190.780988140577,0.0,0.0
124,CH_Battery,2050,3,13,16,-4190.780988140577,-0.0,0.0
125,CH_Battery,2050,3,17,20,-4190.780988140577,0.0,0.0
126,CH_Battery,2050,3,21,24,-4190.780988140577,0.0,0.0
127,CY_Battery,2050,1,1,4,-0.0,0.0,0.0
128,CY_Battery,2050,1,5,8,-0.0,0.0,0.0
129,CY_Battery,2050,1,9,12,-0.0,0.0,0.0
130,CY_Battery,2050,1,13,16,-0.0,0.0,0.0
131,CY_Battery,2050,1,17,20,-0.0,0.0,0.0
132,CY_Battery,2050,1,21,24,-0.0,0.0,0.0
133,CY_Battery,2050,2,1,4,-0.0,0.0,0.0
134,CY_Battery,2050,2,5,8,-0.0,0.0,0.0
135,CY_Battery,2050,2,9,12,-0.0,0.0,0.0
136,CY_Battery,2050,2,13,16,-0.0,0.0,0.0
137,CY_Battery,2050,2,17,20,-0.0,0.0,0.0
138,CY_Battery,2050,2,21,24,-0.0,0.0,0.0
139,CY_Battery,2050,3,1,4,-0.0,0.0,0.0
140,CY_Battery,2050,3,5,8,-0.0,0.0,0.0
141,CY_Battery,2050,3,9,12,-0.0,0.0,0.0
142,CY_Battery,2050,3,13,16,-0.0,0.0,0.0
143,CY_Battery,2050,3,17,20,-0.0,0.0,0.0
144,CY_Battery,2050,3,21,24,-0.0,0.0,0.0
145,CZ_Battery,2050,1,1,4,-1878.9469208234768,0.0,0.0
146,CZ_Battery,2050,1,5,8,-1878.9469208234768,0.0,0.0
147,CZ_Battery,2050,1,9,12,-0.0,0.0,0.0
148,CZ_Battery,2050,1,13,16,-0.0,-1878.9469208234764,0.0
149,CZ_Battery,2050,1,17,20,-1878.9469208234764,0.0,0.0
150,CZ_Battery,2050,1,21,24,-1878.9469208234764,0.0,0.0
151,CZ_Battery,2050,2,1,4,-4097.976831499415,0.0,0.0
152,CZ_Battery,2050,2,5,8,-4097.976831499415,0.0,0.0
153,CZ_Battery,2050,2,9,12,-3137.513511616738,0.0,0.0
154,CZ_Battery,2050,2,13,16,-3089.124828437648,-1008.8520030617674,0.0
155,CZ_Battery,2050,2,17,20,-4097.976831499415,0.0,0.0
156,CZ_Battery,2050,2,21,24,-4097.976831499415,0.0,0.0
157,CZ_Battery,2050,3,1,4,-1482.8917342651282,0.0,0.0
158,CZ_Battery,2050,3,5,8,-1482.8917342651282,0.0,0.0
159,CZ_Battery,2050,3,9,12,-1482.8917342651282,0.0,0.0
160,CZ_Battery,2050,3,13,16,-1482.8917342651282,0.0,0.0
161,CZ_Battery,2050,3,17,20,-1482.8917342651282,0.0,0.0
162,CZ_Battery,2050,3,21,24,-1482.8917342651282,0.0,0.0
163,DE_Battery,2050,1,1,1,-1075.6674253581555,0.0,0.0
164,DE_Battery,2050,1,2,2,-1075.6674253581555,0.0,0.0
165,DE_Battery,2050,1,3,3,-1075.6674253581555,0.0,0.0
166,DE_Battery,2050,1,4,4,-1075.6674253581555,0.0,0.0
167,DE_Battery,2050,1,5,5,-1075.6674253581555,0.0,0.0
168,DE_Battery,2050,1,6,6,-1075.6674253581555,0.0,0.0
169,DE_Battery,2050,1,7,7,-1075.6674253581555,0.0,0.0
170,DE_Battery,2050,1,8,8,-1075.6674253581568,0.0,0.0
171,DE_Battery,2050,1,9,9,-0.0,0.0,0.0
172,DE_Battery,2050,1,10,10,-0.0,0.0,0.0
173,DE_Battery,2050,1,11,11,-0.0,0.0,0.0
174,DE_Battery,2050,1,12,12,-0.0,0.0,0.0
175,DE_Battery,2050,1,13,13,-0.0,0.0,0.0
176,DE_Battery,2050,1,14,14,-0.0,0.0,0.0
177,DE_Battery,2050,1,15,15,-0.0,0.0,0.0
178,DE_Battery,2050,1,16,16,-0.0,0.0,0.0
179,DE_Battery,2050,1,17,17,-0.0,-0.0,0.0
180,DE_Battery,2050,1,18,18,-0.0,-1075.6674253581555,0.0
181,DE_Battery,2050,1,19,19,-1075.6674253581555,0.0,0.0
182,DE_Battery,2050,1,20,20,-1075.6674253581555,0.0,0.0
183,DE_Battery,2050,1,21,21,-1075.6674253581555,0.0,0.0
184,DE_Battery,2050,1,22,22,-1075.6674253581555,0.0,0.0
185,DE_Battery,2050,1,23,23,-1075.6674253581555,0.0,0.0
186,DE_Battery,2050,1,24,24,-1075.6674253581555,0.0,0.0
187,DE_Battery,2050,2,1,1,-4097.976831499415,0.0,0.0
188,DE_Battery,2050,2,2,2,-4097.976831499415,0.0,0.0
189,DE_Battery,2050,2,3,3,-4097.976831499415,0.0,0.0
190,DE_Battery,2050,2,4,4,-4097.976831499415,0.0,0.0
191,DE_Battery,2050,2,5,5,-4097.976831499415,0.0,0.0
192,DE_Battery,2050,2,6,6,-4097.976831499415,0.0,0.0
193,DE_Battery,2050,2,7,7,-4097.976831499415,0.0,0.0
194,DE_Battery,2050,2,8,8,-4097.976831499415,0.0,0.0
195,DE_Battery,2050,2,9,9,-4097.976831499415,0.0,0.0
196,DE_Battery,2050,2,10,10,-3089.124828437648,0.0,0.0
197,DE_Battery,2050,2,11,11,-3089.124828437648,0.0,0.0
198,DE_Battery,2050,2,12,12,-3089.124828437648,0.0,0.0
199,DE_Battery,2050,2,13,13,-3089.124828437648,0.0,0.0
200,DE_Battery,2050,2,14,14,-3089.124828437648,0.0,0.0
201,DE_Battery,2050,2,15,15,-3089.124828437648,0.0,0.0
202,DE_Battery,2050,2,16,16,-3089.124828437648,-1008.8520030617674,0.0
203,DE_Battery,2050,2,17,17,-4097.976831499415,0.0,0.0
204,DE_Battery,2050,2,18,18,-4097.976831499415,-0.0,0.0
205,DE_Battery,2050,2,19,19,-4097.976831499415,0.0,0.0
206,DE_Battery,2050,2,20,20,-4097.976831499415,0.0,0.0
207,DE_Battery,2050,2,21,21,-4097.976831499415,0.0,0.0
208,DE_Battery,2050,2,22,22,-4097.976831499415,0.0,0.0
209,DE_Battery,2050,2,23,23,-4097.976831499415,0.0,0.0
210,DE_Battery,2050,2,24,24,-4097.976831499415,0.0,0.0
211,DE_Battery,2050,3,1,1,-0.0,0.0,0.0
212,DE_Battery,2050,3,2,2,-0.0,0.0,0.0
213,DE_Battery,2050,3,3,3,-0.0,0.0,0.0
214,DE_Battery,2050,3,4,4,-0.0,0.0,0.0
215,DE_Battery,2050,3,5,5,-0.0,0.0,0.0
216,DE_Battery,2050,3,6,6,-0.0,0.0,0.0
217,DE_Battery,2050,3,7,7,-0.0,0.0,0.0
218,DE_Battery,2050,3,8,8,-0.0,0.0,0.0
219,DE_Battery,2050,3,9,9,-0.0,0.0,0.0
220,DE_Battery,2050,3,10,10,-0.0,0.0,0.0
221,DE_Battery,2050,3,11,11,-0.0,0.0,0.0
222,DE_Battery,2050,3,12,12,-0.0,0.0,0.0
223,DE_Battery,2050,3,13,13,-0.0,0.0,0.0
224,DE_Battery,2050,3,14,14,-0.0,0.0,0.0
225,DE_Battery,2050,3,15,15,-0.0,0.0,0.0
226,DE_Battery,2050,3,16,16,-0.0,-0.0,0.0
227,DE_Battery,2050,3,17,17,-0.0,0.0,0.0
228,DE_Battery,2050,3,18,18,-0.0,0.0,0.0
229,DE_Battery,2050,3,19,19,-0.0,0.0,0.0
230,DE_Battery,2050,3,20,20,-0.0,0.0,0.0
231,DE_Battery,2050,3,21,21,-0.0,0.0,0.0
232,DE_Battery,2050,3,22,22,-0.0,0.0,0.0
233,DE_Battery,2050,3,23,23,-0.0,0.0,0.0
234,DE_Battery,2050,3,24,24,-0.0,0.0,0.0
235,DK_Battery,2050,1,1,1,-0.0,0.0,0.0
236,DK_Battery,2050,1,2,2,-0.0,0.0,0.0
237,DK_Battery,2050,1,3,3,-0.0,0.0,0.0
238,DK_Battery,2050,1,4,4,-0.0,0.0,0.0
239,DK_Battery,2050,1,5,5,-0.0,0.0,0.0
240,DK_Battery,2050,1,6,6,-0.0,0.0,0.0
241,DK_Battery,2050,1,7,7,-0.0,0.0,0.0
242,DK_Battery,2050,1,8,8,-0.0,0.0,0.0
243,DK_Battery,2050,1,9,9,-0.0,0.0,0.0
244,DK_Battery,2050,1,10,10,-0.0,0.0,0.0
245,DK_Battery,2050,1,11,11,-0.0,0.0,0.0
246,DK_Battery,2050,1,12,12,-0.0,0.0,0.0
247,DK_Battery,2050,1,13,13,-0.0,0.0,0.0
248,DK_Battery,2050,1,14,14,-0.0,0.0,0.0
249,DK_Battery,2050,1,15,15,-0.0,0.0,0.0
250,DK_Battery,2050,1,16,16,-0.0,0.0,0.0
251,DK_Battery,2050,1,17,17,-0.0,0.0,0.0
252,DK_Battery,2050,1,18,18,-0.0,0.0,0.0
253,DK_Battery,2050,1,19,19,-0.0,0.0,0.0
254,DK_Battery,2050,1,20,20,-0.0,0.0,0.0
255,DK_Battery,2050,1,21,21,-0.0,0.0,0.0
256,DK_Battery,2050,1,22,22,-0.0,0.0,0.0
257,DK_Battery,2050,1,23,23,-0.0,0.0,0.0
258,DK_Battery,2050,1,24,24,-0.0,0.0,0.0
259,DK_Battery,2050,2,1,1,-0.0,0.0,0.0
260,DK_Battery,2050,2,2,2,-0.0,0.0,0.0
261,DK_Battery,2050,2,3,3,-0.0,0.0,0.0
262,DK_Battery,2050,2,4,4,-0.0,0.0,0.0
263,DK_Battery,2050,2,5,5,-0.0,0.0,0.0
264,DK_Battery,2050,2,6,6,-0.0,0.0,0.0
265,DK_Battery,2050,2,7,7,-0.0,0.0,0.0
266,DK_Battery,2050,2,8,8,-0.0,0.0,0.0
267,DK_Battery,2050,2,9,9,-0.0,0.0,0.0
268,DK_Battery,2050,2,10,10,-0.0,0.0,0.0
269,DK_Battery,2050,2,11,11,-0.0,0.0,0.0
270,DK_Battery,2050,2,12,12,-0.0,0.0,0.0
271,DK_Battery,2050,2,13,13,-0.0,0.0,0.0
272,DK_Battery,2050,2,14,14,-0.0,0.0,0.0
273,DK_Battery,2050,2,15,15,-0.0,0.0,0.0
274,DK_Battery,2050,2,16,16,-0.0,0.0,0.0
275,DK_Battery,2050,2,17,17,-0.0,0.0,0.0
276,DK_Battery,2050,2,18,18,-0.0,0.0,0.0
277,DK_Battery,2050,2,19,19,-0.0,0.0,0.0
278,DK_Battery,2050,2,20,20,-0.0,0.0,0.0
279,DK_Battery,2050,2,21,21,-0.0,0.0,0.0
280,DK_Battery,2050,2,22,22,-0.0,0.0,0.0
281,DK_Battery,2050,2,23,23,-0.0,0.0,0.0
282,DK_Battery,2050,2,24,24,-0.0,0.0,0.0
283,DK_Battery,2050,3,1,1,-0.0,0.0,0.0
284,DK_Battery,2050,3,2,2,-0.0,0.0,0.0
285,DK_Battery,2050,3,3,3,-0.0,0.0,0.0
286,DK_Battery,2050,3,4,4,-0.0,0.0,0.0
287,DK_Battery,2050,3,5,5,-0.0,0.0,0.0
288,DK_Battery,2050,3,6,6,-0.0,0.0,0.0
289,DK_Battery,2050,3,7,7,-0.0,0.0,0.0
290,DK_Battery,2050,3,8,8,-0.0,0.0,0.0
291,DK_Battery,2050,3,9,9,-0.0,0.0,0.0
292,DK_Battery,2050,3,10,10,-0.0,0.0,0.0
293,DK_Battery,2050,3,11,11,-0.0,0.0,0.0
294,DK_Battery,2050,3,12,12,-0.0,0.0,0.0
295,DK_Battery,2050,3,13,13,-0.0,0.0,0.0
296,DK_Battery,2050,3,14,14,-0.0,0.0,0.0
297,DK_Battery,2050,3,15,15,-0.0,0.0,0.0
298,DK_Battery,2050,3,16,16,-0.0,0.0,0.0
299,DK_Battery,2050,3,17,17,-0.0,0.0,0.0
300,DK_Battery,2050,3,18,18,-0.0,0.0,0.0
301,DK_Battery,2050,3,19,19,-0.0,0.0,0.0
302,DK_Battery,2050,3,20,20,-0.0,0.0,0.0
303,DK_Battery,2050,3,21,21,-0.0,0.0,0.0
304,DK_Battery,2050,3,22,22,-0.0,0.0,0.0
305,DK_Battery,2050,3,23,23,-0.0,0.0,0.0
306,DK_Battery,2050,3,24,24,-0.0,0.0,0.0
307,ES_Battery,2050,1,1,3,-3039.9296803600064,0.0,0.0
308,ES_Battery,2050,1,4,6,-3039.9296803600064,0.0,0.0
309,ES_Battery,2050,1,7,9,-3039.9296803600064,0.0,0.0
310,ES_Battery,2050,1,10,12,-0.0,0.0,0.0
311,ES_Battery,2050,1,13,15,-0.0,0.0,0.0
312,ES_Battery,2050,1,16,18,-0.0,-3039.9296803600064,0.0
313,ES_Battery,2050,1,19,21,-3039.9296803600064,0.0,0.0
314,ES_Battery,2050,1,22,24,-3039.9296803600064,0.0,0.0
315,ES_Battery,2050,2,1,3,-4097.976831499414,0.0,0.0
316,ES_Battery,2050,2,4,6,-4097.976831499414,0.0,0.0
317,ES_Battery,2050,2,7,9,-4097.976831499414,0.0,0.0
318,ES_Battery,2050,2,10,12,-0.0,0.0,0.0
319,ES_Battery,2050,2,13,15,-0.0,0.0,0.0
320,ES_Battery,2050,2,16,18,-0.0,-4097.976831499414,0.0
321,ES_Battery,2050,2,19,21,-4097.976831499414,0.0,0.0
322,ES_Battery,2050,2,22,24,-4097.976831499414,0.0,0.0
323,ES_Battery,2050,3,1,3,-4190.78098814058,0.0,0.0
324,ES_Battery,2050,3,4,6,-4190.78098814058,0.0,0.0
325,ES_Battery,2050,3,7,9,-4190.78098814058,0.0,0.0
326,ES_Battery,2050,3,10,12,-0.0,0.0,0.0
327,ES_Battery,2050,3,13,15,-0.0,0.0,0.0
328,ES_Battery,2050,3,16,18,-0.0,-4190.78098814058,0.0
329,ES_Battery,2050,3,19,21,-4190.78098814058,0.0,0.0
330,ES_Battery,2050,3,22,24,-4190.78098814058,0.0,0.0
331,FI_Battery,2050,1,1,4,-0.0,0.0,0.0
332,FI_Battery,2050,1,5,8,-0.0,0.0,0.0
333,FI_Battery,2050,1,9,12,-0.0,0.0,0.0
334,FI_Battery,2050,1,13,16,-0.0,0.0,0.0
335,FI_Battery,2050,1,17,20,-0.0,0.0,0.0
336,FI_Battery,2050,1,21,24,-0.0,0.0,0.0
337,FI_Battery,2050,2,1,4,-0.0,0.0,0.0
338,FI_Battery,2050,2,5,8,-0.0,0.0,0.0
339,FI_Battery,2050,2,9,12,-0.0,0.0,0.0
340,FI_Battery,2050,2,13,16,-0.0,0.0,0.0
341,FI_Battery,2050,2,17,20,-0.0,0.0,0.0
342,FI_Battery,2050,2,21,24,-0.0,0.0,0.0
343,FI_Battery,2050,3,1,4,-0.0,0.0,0.0
344,FI_Battery,2050,3,5,8,-0.0,0.0,0.0
345,FI_Battery,2050,3,9,12,-0.0,0.0,0.0
346,FI_Battery,2050,3,13,16,-0.0,0.0,0.0
347,FI_Battery,2050,3,17,20,-0.0,0.0,0.0
348,FI_Battery,2050,3,21,24,-0.0,0.0,0.0
349,FR_Battery,2050,1,1,2,-1075.6674253581557,0.0,0.0
350,FR_Battery,2050,1,3,4,-1075.6674253581557,0.0,0.0
351,FR_Battery,2050,1,5,6,-1075.6674253581557,0.0,0.0
352,FR_Battery,2050,1,7,8,-1075.6674253581557,0.0,0.0
353,FR_Battery,2050,1,9,10,-1075.6674253581557,0.0,0.0
354,FR_Battery,2050,1,11,12,-1075.6674253581557,0.0,0.0
355,FR_Battery,2050,1,13,14,-1075.6674253581557,0.0,0.0
356,FR_Battery,2050,1,15,16,-1075.6674253581557,0.0,0.0
357,FR_Battery,2050,1,17,18,-1075.6674253581557,0.0,0.0
358,FR_Battery,2050,1,19,20,-1075.6674253581557,0.0,0.0
359,FR_Battery,2050,1,21,22,-1075.6674253581557,0.0,0.0
360,FR_Battery,2050,1,23,24,-1075.6674253581557,0.0,0.0
361,FR_Battery,2050,2,1,2,-1450.0533403767158,0.0,0.0
362,FR_Battery,2050,2,3,4,-1450.0533403767158,0.0,0.0
363,FR_Battery,2050,2,5,6,-1450.0533403767158,0.0,0.0
364,FR_Battery,2050,2,7,8,-1450.0533403767158,0.0,0.0
365,FR_Battery,2050,2,9,10,-1450.0533403767158,0.0,0.0
366,FR_Battery,2050,2,11,12,-1450.0533403767158,0.0,0.0
367,FR_Battery,2050,2,13,14,-1450.0533403767158,0.0,0.0
368,FR_Battery,2050,2,15,16,-1450.0533403767158,0.0,0.0
369,FR_Battery,2050,2,17,18,-1450.0533403767158,0.0,0.0
370,FR_Battery,2050,2,19,20,-1450.0533403767158,0.0,0.0
371,FR_Battery,2050,2,21,22,-1450.0533403767158,0.0,0.0
372,FR_Battery,2050,2,23,24,-1450.0533403767158,0.0,0.0
373,FR_Battery,2050,3,1,2,-1482.8917342651284,0.0,0.0
374,FR_Battery,2050,3,3,4,-1482.8917342651284,0.0,0.0
375,FR_Battery,2050,3,5,6,-1482.8917342651284,0.0,0.0
376,FR_Battery,2050,3,7,8,-1482.8917342651284,0.0,0.0
377,FR_Battery,2050,3,9,10,-1482.8917342651284,0.0,0.0
378,FR_Battery,2050,3,11,12,-1482.8917342651284,0.0,0.0
379,FR_Battery,2050,3,13,14,-1482.8917342651284,0.0,0.0
380,FR_Battery,2050,3,15,16,-1482.8917342651284,0.0,0.0
381,FR_Battery,2050,3,17,18,-1482.8917342651284,0.0,0.0
382,FR_Battery,2050,3,19,20,-1482.8917342651284,0.0,0.0
383,FR_Battery,2050,3,21,22,-1482.8917342651284,0.0,0.0
384,FR_Battery,2050,3,23,24,-1482.8917342651284,0.0,0.0
385,GR_Battery,2050,1,1,4,-0.0,0.0,0.0
386,GR_Battery,2050,1,5,8,-0.0,0.0,0.0
387,GR_Battery,2050,1,9,12,-0.0,0.0,0.0
388,GR_Battery,2050,1,13,16,-0.0,0.0,0.0
389,GR_Battery,2050,1,17,20,-0.0,0.0,0.0
390,GR_Battery,2050,1,21,24,-0.0,0.0,0.0
391,GR_Battery,2050,2,1,4,-0.0,0.0,0.0
392,GR_Battery,2050,2,5,8,-0.0,0.0,0.0
393,GR_Battery,2050,2,9,12,-0.0,0.0,0.0
394,GR_Battery,2050,2,13,16,-0.0,0.0,0.0
395,GR_Battery,2050,2,17,20,-0.0,0.0,0.0
396,GR_Battery,2050,2,21,24,-0.0,0.0,0.0
397,GR_Battery,2050,3,1,4,-0.0,0.0,0.0
398,GR_Battery,2050,3,5,8,-0.0,0.0,0.0
399,GR_Battery,2050,3,9,12,-0.0,0.0,0.0
400,GR_Battery,2050,3,13,16,-0.0,0.0,0.0
401,GR_Battery,2050,3,17,20,-0.0,0.0,0.0
402,GR_Battery,2050,3,21,24,-0.0,0.0,0.0
403,HR_Battery,2050,1,1,4,-1075.6674253581555,0.0,0.0
404,HR_Battery,2050,1,5,8,-1075.6674253581557,0.0,0.0
405,HR_Battery,2050,1,9,12,-0.0,0.0,0.0
406,HR_Battery,2050,1,13,16,-0.0,-823.5578725398383,0.0
407,HR_Battery,2050,1,17,20,-823.5578725398383,-252.10955281831718,0.0
408,HR_Battery,2050,1,21,24,-1075.6674253581555,-0.0,0.0
409,HR_Battery,2050,2,1,4,-4097.976831499415,0.0,0.0
410,HR_Battery,2050,2,5,8,-4097.976831499415,0.0,0.0
411,HR_Battery,2050,2,9,12,-0.0,0.0,0.0
412,HR_Battery,2050,2,13,16,-0.0,-4097.9768314994135,0.0
413,HR_Battery,2050,2,17,20,-4097.9768314994135,-1.8189894035458565e-12,0.0
414,HR_Battery,2050,2,21,24,-4097.976831499415,0.0,0.0
415,HR_Battery,2050,3,1,4,-4190.780988140577,0.0,0.0
416,HR_Battery,2050,3,5,8,-4190.780988140577,0.0,0.0
417,HR_Battery,2050,3,9,12,-0.0,0.0,0.0
418,HR_Battery,2050,3,13,16,-0.0,-4190.780988140577,0.0
419,HR_Battery,2050,3,17,20,-4190.780988140577,0.0,0.0
420,HR_Battery,2050,3,21,24,-4190.780988140577,0.0,0.0
421,HU_Battery,2050,1,1,4,-2279.947260270005,0.0,0.0
422,HU_Battery,2050,1,5,8,-1745.5846211442217,0.0,0.0
423,HU_Battery,2050,1,9,12,-0.0,0.0,0.0
424,HU_Battery,2050,1,13,16,-0.0,-2279.947260270005,0.0
425,HU_Battery,2050,1,17,20,-2279.947260270005,0.0,0.0
426,HU_Battery,2050,1,21,24,-2279.947260270004,0.0,0.0
427,HU_Battery,2050,2,1,4,-4097.976831499415,0.0,0.0
428,HU_Battery,2050,2,5,8,-4097.976831499415,0.0,0.0
429,HU_Battery,2050,2,9,12,-1589.9271844266505,0.0,0.0
430,HU_Battery,2050,2,13,16,-1589.9271844266505,-2508.049647072765,0.0
431,HU_Battery,2050,2,17,20,-4097.976831499415,-0.0,0.0
432,HU_Battery,2050,2,21,24,-4097.976831499415,0.0,0.0
433,HU_Battery,2050,3,1,4,-4190.78098814058,0.0,0.0
434,HU_Battery,2050,3,5,8,-4190.78098814058,0.0,0.0
435,HU_Battery,2050,3,9,12,-1625.9332082619756,0.0,0.0
436,HU_Battery,2050,3,13,16,-1625.9332082619756,-2564.8477798786053,0.0
437,HU_Battery,2050,3,17,20,-4190.780988140581,0.0,0.0
438,HU_Battery,2050,3,21,24,-4190.780988140581,0.0,0.0
439,IE_Battery,2050,1,1,2,-0.0,0.0,0.0
440,IE_Battery,2050,1,3,4,-0.0,0.0,0.0
441,IE_Battery,2050,1,5,6,-0.0,0.0,0.0
442,IE_Battery,2050,1,7,8,-0.0,0.0,0.0
443,IE_Battery,2050,1,9,10,-0.0,0.0,0.0
444,IE_Battery,2050,1,11,12,-0.0,0.0,0.0
445,IE_Battery,2050,1,13,14,-0.0,0.0,0.0
446,IE_Battery,2050,1,15,16,-0.0,0.0,0.0
447,IE_Battery,2050,1,17,18,-0.0,0.0,0.0
448,IE_Battery,2050,1,19,20,-0.0,0.0,0.0
449,IE_Battery,2050,1,21,22,-0.0,0.0,0.0
450,IE_Battery,2050,1,23,24,-0.0,0.0,0.0
451,IE_Battery,2050,2,1,2,-0.0,0.0,0.0
452,IE_Battery,2050,2,3,4,-0.0,0.0,0.0
453,IE_Battery,2050,2,5,6,-0.0,0.0,0.0
454,IE_Battery,2050,2,7,8,-0.0,0.0,0.0
455,IE_Battery,2050,2,9,10,-0.0,0.0,0.0
456,IE_Battery,2050,2,11,12,-0.0,0.0,0.0
457,IE_Battery,2050,2,13,14,-0.0,0.0,0.0
458,IE_Battery,2050,2,15,16,-0.0,0.0,0.0
459,IE_Battery,2050,2,17,18,-0.0,0.0,0.0
460,IE_Battery,2050,2,19,20,-0.0,0.0,0.0
461,IE_Battery,2050,2,21,22,-0.0,0.0,0.0
462,IE_Battery,2050,2,23,24,-0.0,0.0,0.0
463,IE_Battery,2050,3,1,2,-0.0,0.0,0.0
464,IE_Battery,2050,3,3,4,-0.0,0.0,0.0
465,IE_Battery,2050,3,5,6,-0.0,0.0,0.0
466,IE_Battery,2050,3,7,8,-0.0,0.0,0.0
467,IE_Battery,2050,3,9,10,-0.0,0.0,0.0
468,IE_Battery,2050,3,11,12,-0.0,0.0,0.0
469,IE_Battery,2050,3,13,14,-0.0,0.0,0.0
470,IE_Battery,2050,3,15,16,-0.0,0.0,0.0
471,IE_Battery,2050,3,17,18,-0.0,0.0,0.0
472,IE_Battery,2050,3,19,20,-0.0,0.0,0.0
473,IE_Battery,2050,3,21,22,-0.0,0.0,0.0
474,IE_Battery,2050,3,23,24,-0.0,0.0,0.0
475,IT_Battery,2050,1,1,4,-1075.6674253581557,0.0,0.0
476,IT_Battery,2050,1,5,8,-1075.6674253581557,0.0,0.0
477,IT_Battery,2050,1,9,12,-0.0,0.0,0.0
478,IT_Battery,2050,1,13,16,-0.0,-902.9992297797081,0.0
479,IT_Battery,2050,1,17,20,-902.9992297797081,-172.66819557844758,0.0
480,IT_Battery,2050,1,21,24,-1075.6674253581557,0.0,0.0
481,IT_Battery,2050,2,1,4,-4097.976831499415,0.0,0.0
482,IT_Battery,2050,2,5,8,-4097.976831499415,0.0,0.0
483,IT_Battery,2050,2,9,12,-3440.1617407601093,0.0,0.0
484,IT_Battery,2050,2,13,16,-3440.1617407601093,-657.815090739306,0.0
485,IT_Battery,2050,2,17,20,-4097.976831499415,0.0,0.0
486,IT_Battery,2050,2,21,24,-4097.976831499415,0.0,0.0
487,IT_Battery,2050,3,1,4,-4190.780988140577,0.0,0.0
488,IT_Battery,2050,3,5,8,-4190.780988140577,0.0,0.0
489,IT_Battery,2050,3,9,12,-4190.780988140577,0.0,0.0
490,IT_Battery,2050,3,13,16,-4190.780988140577,0.0,0.0
491,IT_Battery,2050,3,17,20,-4190.780988140577,0.0,0.0
492,IT_Battery,2050,3,21,24,-4190.780988140577,0.0,0.0
493,LT_Battery,2050,1,1,4,-0.0,0.0,0.0
494,LT_Battery,2050,1,5,8,-0.0,0.0,0.0
495,LT_Battery,2050,1,9,12,-0.0,0.0,0.0
496,LT_Battery,2050,1,13,16,-0.0,0.0,0.0
497,LT_Battery,2050,1,17,20,-0.0,0.0,0.0
498,LT_Battery,2050,1,21,24,-0.0,0.0,0.0
499,LT_Battery,2050,2,1,4,-0.0,0.0,0.0
500,LT_Battery,2050,2,5,8,-0.0,0.0,0.0
501,LT_Battery,2050,2,9,12,-0.0,0.0,0.0
502,LT_Battery,2050,2,13,16,-0.0,0.0,0.0
503,LT_Battery,2050,2,17,20,-0.0,0.0,0.0
504,LT_Battery,2050,2,21,24,-0.0,0.0,0.0
505,LT_Battery,2050,3,1,4,-0.0,0.0,0.0
506,LT_Battery,2050,3,5,8,-0.0,0.0,0.0
507,LT_Battery,2050,3,9,12,-0.0,0.0,0.0
508,LT_Battery,2050,3,13,16,-0.0,0.0,0.0
509,LT_Battery,2050,3,17,20,-0.0,0.0,0.0
510,LT_Battery,2050,3,21,24,-0.0,0.0,0.0
511,LV_Battery,2050,1,1,4,-0.0,0.0,0.0
512,LV_Battery,2050,1,5,8,-0.0,0.0,0.0
513,LV_Battery,2050,1,9,12,-0.0,0.0,0.0
514,LV_Battery,2050,1,13,16,-0.0,0.0,0.0
515,LV_Battery,2050,1,17,20,-0.0,0.0,0.0
516,LV_Battery,2050,1,21,24,-0.0,0.0,0.0
517,LV_Battery,2050,2,1,4,-0.0,0.0,0.0
518,LV_Battery,2050,2,5,8,-0.0,0.0,0.0
519,LV_Battery,2050,2,9,12,-0.0,0.0,0.0
520,LV_Battery,2050,2,13,16,-0.0,0.0,0.0
521,LV_Battery,2050,2,17,20,-0.0,0.0,0.0
522,LV_Battery,2050,2,21,24,-0.0,0.0,0.0
523,LV_Battery,2050,3,1,4,-0.0,0.0,0.0
524,LV_Battery,2050,3,5,8,-0.0,0.0,0.0
525,LV_Battery,2050,3,9,12,-0.0,0.0,0.0
526,LV_Battery,2050,3,13,16,-0.0,0.0,0.0
527,LV_Battery,2050,3,17,20,-0.0,0.0,0.0
528,LV_Battery,2050,3,21,24,-0.0,0.0,0.0
529,NL_Battery,2050,1,1,1,-1075.6674253581555,0.0,0.0
530,NL_Battery,2050,1,2,2,-1075.6674253581555,0.0,0.0
531,NL_Battery,2050,1,3,3,-1075.6674253581555,0.0,0.0
532,NL_Battery,2050,1,4,4,-1075.6674253581555,0.0,0.0
533,NL_Battery,2050,1,5,5,-1075.6674253581555,0.0,0.0
534,NL_Battery,2050,1,6,6,-1075.6674253581555,0.0,0.0
535,NL_Battery,2050,1,7,7,-1075.6674253581555,0.0,0.0
536,NL_Battery,2050,1,8,8,-1075.6674253581555,0.0,0.0
537,NL_Battery,2050,1,9,9,-0.0,0.0,0.0
538,NL_Battery,2050,1,10,10,-0.0,0.0,0.0
539,NL_Battery,2050,1,11,11,-0.0,0.0,0.0
540,NL_Battery,2050,1,12,12,-0.0,0.0,0.0
541,NL_Battery,2050,1,13,13,-0.0,0.0,0.0
542,NL_Battery,2050,1,14,14,-0.0,0.0,0.0
543,NL_Battery,2050,1,15,15,-0.0,0.0,0.0
544,NL_Battery,2050,1,16,16,-0.0,0.0,0.0
545,NL_Battery,2050,1,17,17,-0.0,0.0,0.0
546,NL_Battery,2050,1,18,18,-0.0,-1075.6674253581555,0.0
547,NL_Battery,2050,1,19,19,-1075.6674253581555,0.0,0.0
548,NL_Battery,2050,1,20,20,-1075.6674253581555,0.0,0.0
549,NL_Battery,2050,1,21,21,-1075.6674253581555,0.0,0.0
550,NL_Battery,2050,1,22,22,-1075.6674253581555,0.0,0.0
551,NL_Battery,2050,1,23,23,-1075.6674253581555,0.0,0.0
552,NL_Battery,2050,1,24,24,-1075.6674253581555,0.0,0.0
553,NL_Battery,2050,2,1,1,-4097.976831499415,0.0,0.0
554,NL_Battery,2050,2,2,2,-4097.976831499415,0.0,0.0
555,NL_Battery,2050,2,3,3,-4097.976831499415,0.0,0.0
556,NL_Battery,2050,2,4,4,-4097.976831499415,0.0,0.0
557,NL_Battery,2050,2,5,5,-4097.976831499415,0.0,0.0
558,NL_Battery,2050,2,6,6,-4097.976831499415,0.0,0.0
559,NL_Battery,2050,2,7,7,-4097.976831499415,0.0,0.0
560,NL_Battery,2050,2,8,8,-4097.976831499415,0.0,0.0
561,NL_Battery,2050,2,9,9,-4097.976831499415,0.0,0.0
562,NL_Battery,2050,2,10,10,-4097.976831499415,0.0,0.0
563,NL_Battery,2050,2,11,11,-4097.976831499415,0.0,0.0
564,NL_Battery,2050,2,12,12,-4097.976831499415,0.0,0.0
565,NL_Battery,2050,2,13,13,-4097.976831499415,0.0,0.0
566,NL_Battery,2050,2,14,14,-4097.976831499415,0.0,0.0
567,NL_Battery,2050,2,15,15,-4097.976831499415,0.0,0.0
568,NL_Battery,2050,2,16,16,-4097.976831499415,0.0,0.0
569,NL_Battery,2050,2,17,17,-4097.976831499415,0.0,0.0
570,NL_Battery,2050,2,18,18,-4097.976831499415,0.0,0.0
571,NL_Battery,2050,2,19,19,-4097.976831499415,0.0,0.0
572,NL_Battery,2050,2,20,20,-4097.976831499415,0.0,0.0
573,NL_Battery,2050,2,21,21,-4097.976831499415,0.0,0.0
574,NL_Battery,2050,2,22,22,-4097.976831499415,0.0,0.0
575,NL_Battery,2050,2,23,23,-4097.976831499415,0.0,0.0
576,NL_Battery,2050,2,24,24,-4097.976831499415,0.0,0.0
577,NL_Battery,2050,3,1,1,-0.0,0.0,0.0
578,NL_Battery,2050,3,2,2,-0.0,0.0,0.0
579,NL_Battery,2050,3,3,3,-0.0,0.0,0.0
580,NL_Battery,2050,3,4,4,-0.0,0.0,0.0
581,NL_Battery,2050,3,5,5,-0.0,0.0,0.0
582,NL_Battery,2050,3,6,6,-0.0,0.0,0.0
583,NL_Battery,2050,3,7,7,-0.0,0.0,0.0
584,NL_Battery,2050,3,8,8,-0.0,0.0,0.0
585,NL_Battery,2050,3,9,9,-0.0,0.0,0.0
586,NL_Battery,2050,3,10,10,-0.0,0.0,0.0
587,NL_Battery,2050,3,11,11,-0.0,0.0,0.0
588,NL_Battery,2050,3,12,12,-0.0,0.0,0.0
589,NL_Battery,2050,3,13,13,-0.0,0.0,0.0
590,NL_Battery,2050,3,14,14,-0.0,0.0,0.0
591,NL_Battery,2050,3,15,15,-0.0,0.0,0.0
592,NL_Battery,2050,3,16,16,-0.0,0.0,0.0
593,NL_Battery,2050,3,17,17,-0.0,0.0,0.0
594,NL_Battery,2050,3,18,18,-0.0,0.0,0.0
595,NL_Battery,2050,3,19,19,-0.0,0.0,0.0
596,NL_Battery,2050,3,20,20,-0.0,0.0,0.0
597,NL_Battery,2050,3,21,21,-0.0,0.0,0.0
598,NL_Battery,2050,3,22,22,-0.0,0.0,0.0
599,NL_Battery,2050,3,23,23,-0.0,0.0,0.0
600,NL_Battery,2050,3,24,24,-0.0,0.0,0.0
601,PT_Battery,2050,1,1,4,-2473.163129784411,0.0,0.0
602,PT_Battery,2050,1,5,8,-2473.163129784411,0.0,0.0
603,PT_Battery,2050,1,9,12,-2473.163129784411,0.0,0.0
604,PT_Battery,2050,1,13,16,-2473.163129784411,0.0,0.0
605,PT_Battery,2050,1,17,20,-2473.163129784411,0.0,0.0
606,PT_Battery,2050,1,21,24,-2473.163129784411,0.0,0.0
607,PT_Battery,2050,2,1,4,-3333.9472527452863,0.0,0.0
608,PT_Battery,2050,2,5,8,-3333.9472527452863,0.0,0.0
609,PT_Battery,2050,2,9,12,-3333.9472527452863,0.0,0.0
610,PT_Battery,2050,2,13,16,-3333.9472527452863,0.0,0.0
611,PT_Battery,2050,2,17,20,-3333.9472527452863,0.0,0.0
612,PT_Battery,2050,2,21,24,-3333.9472527452863,0.0,0.0
613,PT_Battery,2050,3,1,4,-3409.4489395042,0.0,0.0
614,PT_Battery,2050,3,5,8,-3409.4489395042,0.0,0.0
615,PT_Battery,2050,3,9,12,-3409.4489395042,0.0,0.0
616,PT_Battery,2050,3,13,16,-3409.4489395042,0.0,0.0
617,PT_Battery,2050,3,17,20,-3409.4489395042,0.0,0.0
618,PT_Battery,2050,3,21,24,-3409.4489395042,0.0,0.0
619,RO_Battery,2050,1,1,4,-2279.947260270005,0.0,0.0
620,RO_Battery,2050,1,5,8,-1745.5846211442217,0.0,0.0
621,RO_Battery,2050,1,9,12,-0.0,0.0,0.0
622,RO_Battery,2050,1,13,16,-0.0,-2279.947260270005,0.0
623,RO_Battery,2050,1,17,20,-2279.947260270005,0.0,0.0
624,RO_Battery,2050,1,21,24,-2279.947260270004,0.0,0.0
625,RO_Battery,2050,2,1,4,-4097.976831499415,0.0,0.0
626,RO_Battery,2050,2,5,8,-4097.976831499415,0.0,0.0
627,RO_Battery,2050,2,9,12,-1589.9271844266505,0.0,0.0
628,RO_Battery,2050,2,13,16,-1589.9271844266505,-2508.049647072765,0.0
629,RO_Battery,2050,2,17,20,-4097.976831499415,-0.0,0.0
630,RO_Battery,2050,2,21,24,-4097.976831499415,0.0,0.0
631,RO_Battery,2050,3,1,4,-4190.780988140581,0.0,0.0
632,RO_Battery,2050,3,5,8,-4190.780988140581,0.0,0.0
633,RO_Battery,2050,3,9,12,-1625.9332082619756,0.0,0.0
634,RO_Battery,2050,3,13,16,-1625.9332082619756,-2564.8477798786053,0.0
635,RO_Battery,2050,3,17,20,-4190.780988140581,0.0,0.0
636,RO_Battery,2050,3,21,24,-4190.780988140581,0.0,0.0
637,SE_Battery,2050,1,1,4,-0.0,0.0,0.0
638,SE_Battery,2050,1,5,8,-0.0,0.0,0.0
639,SE_Battery,2050,1,9,12,-0.0,0.0,0.0
640,SE_Battery,2050,1,13,16,-0.0,0.0,0.0
641,SE_Battery,2050,1,17,20,-0.0,0.0,0.0
642,SE_Battery,2050,1,21,24,-0.0,0.0,0.0
643,SE_Battery,2050,2,1,4,-0.0,0.0,0.0
644,SE_Battery,2050,2,5,8,-0.0,0.0,0.0
645,SE_Battery,2050,2,9,12,-0.0,0.0,0.0
646,SE_Battery,2050,2,13,16,-0.0,0.0,0.0
647,SE_Battery,2050,2,17,20,-0.0,0.0,0.0
648,SE_Battery,2050,2,21,24,-0.0,0.0,0.0
649,SE_Battery,2050,3,1,4,-0.0,0.0,0.0
650,SE_Battery,2050,3,5,8,-0.0,0.0,0.0
651,SE_Battery,2050,3,9,12,-0.0,0.0,0.0
652,SE_Battery,2050,3,13,16,-0.0,0.0,0.0
653,SE_Battery,2050,3,17,20,-0.0,0.0,0.0
654,SE_Battery,2050,3,21,24,-0.0,0.0,0.0
655,SI_Battery,2050,1,1,4,-1075.6674253581555,0.0,0.0
656,SI_Battery,2050,1,5,8,-1075.6674253581557,0.0,0.0
657,SI_Battery,2050,1,9,12,-0.0,0.0,0.0
658,SI_Battery,2050,1,13,16,-0.0,-823.5578725398383,0.0
659,SI_Battery,2050,1,17,20,-823.5578725398383,-252.10955281831718,0.0
660,SI_Battery,2050,1,21,24,-1075.6674253581555,-0.0,0.0
661,SI_Battery,2050,2,1,4,-4097.976831499415,0.0,0.0
662,SI_Battery,2050,2,5,8,-4097.976831499415,0.0,0.0
663,SI_Battery,2050,2,9,12,-0.0,0.0,0.0
664,SI_Battery,2050,2,13,16,-0.0,-4097.9768314994135,0.0
665,SI_Battery,2050,2,17,20,-4097.9768314994135,-1.8189894035458565e-12,0.0
666,SI_Battery,2050,2,21,24,-4097.976831499415,0.0,0.0
667,SI_Battery,2050,3,1,4,-4190.780988140577,0.0,0.0
668,SI_Battery,2050,3,5,8,-4190.780988140577,0.0,0.0
669,SI_Battery,2050,3,9,12,-0.0,0.0,0.0
670,SI_Battery,2050,3,13,16,-0.0,-4190.780988140577,0.0
671,SI_Battery,2050,3,17,20,-4190.780988140577,0.0,0.0
672,SI_Battery,2050,3,21,24,-4190.780988140577,0.0,0.0
673,SK_Battery,2050,1,1,4,-2279.947260270005,0.0,0.0
674,SK_Battery,2050,1,5,8,-2279.947260270005,0.0,0.0
675,SK_Battery,2050,1,9,12,-2279.947260270005,0.0,0.0
676,SK_Battery,2050,1,13,16,-2279.947260270005,0.0,0.0
677,SK_Battery,2050,1,17,20,-2279.947260270005,0.0,0.0
678,SK_Battery,2050,1,21,24,-2279.947260270005,0.0,0.0
679,SK_Battery,2050,2,1,4,-4097.976831499415,0.0,0.0
680,SK_Battery,2050,2,5,8,-4097.976831499415,0.0,0.0
681,SK_Battery,2050,2,9,12,-4097.976831499415,0.0,0.0
682,SK_Battery,2050,2,13,16,-4097.976831499415,0.0,0.0
683,SK_Battery,2050,2,17,20,-4097.976831499415,0.0,0.0
684,SK_Battery,2050,2,21,24,-4097.976831499415,0.0,0.0
685,SK_Battery,2050,3,1,4,-4190.780988140581,0.0,0.0
686,SK_Battery,2050,3,5,8,-4190.780988140581,0.0,0.0
687,SK_Battery,2050,3,9,12,-4190.780988140581,0.0,0.0
688,SK_Battery,2050,3,13,16,-4190.780988140581,0.0,0.0
689,SK_Battery,2050,3,17,20,-4190.780988140581,0.0,0.0
690,SK_Battery,2050,3,21,24,-4190.780988140581,0.0,0.0
691,UK_Battery,2050,1,1,1,-1075.6674253581555,0.0,0.0
692,UK_Battery,2050,1,2,2,-1075.6674253581555,0.0,0.0
693,UK_Battery,2050,1,3,3,-1075.6674253581555,0.0,0.0
694,UK_Battery,2050,1,4,4,-1075.6674253581555,0.0,0.0
695,UK_Battery,2050,1,5,5,-1075.6674253581555,0.0,0.0
696,UK_Battery,2050,1,6,6,-1075.6674253581555,0.0,0.0
697,UK_Battery,2050,1,7,7,-1075.6674253581555,0.0,0.0
698,UK_Battery,2050,1,8,8,-1075.6674253581555,0.0,0.0
699,UK_Battery,2050,1,9,9,-1075.6674253581557,0.0,0.0
700,UK_Battery,2050,1,10,10,-1075.6674253581557,0.0,0.0
701,UK_Battery,2050,1,11,11,-0.0,0.0,0.0
702,UK_Battery,2050,1,12,12,-0.0,0.0,0.0
703,UK_Battery,2050,1,13,13,-0.0,0.0,0.0
704,UK_Battery,2050,1,14,14,-0.0,0.0,0.0
705,UK_Battery,2050,1,15,15,-0.0,0.0,0.0
706,UK_Battery,2050,1,16,16,-0.0,0.0,0.0
707,UK_Battery,2050,1,17,17,-0.0,-1075.6674253581557,0.0
708,UK_Battery,2050,1,18,18,-1075.6674253581557,0.0,0.0
709,UK_Battery,2050,1,19,19,-1075.6674253581557,0.0,0.0
710,UK_Battery,2050,1,20,20,-1075.6674253581557,0.0,0.0
711,UK_Battery,2050,1,21,21,-1075.6674253581557,0.0,0.0
712,UK_Battery,2050,1,22,22,-1075.6674253581557,0.0,0.0
713,UK_Battery,2050,1,23,23,-1075.6674253581557,0.0,0.0
714,UK_Battery,2050,1,24,24,-1075.6674253581557,0.0,0.0
715,UK_Battery,2050,2,1,1,-4097.976831499415,0.0,0.0
716,UK_Battery,2050,2,2,2,-4097.976831499415,0.0,0.0
717,UK_Battery,2050,2,3,3,-4097.976831499415,0.0,0.0
718,UK_Battery,2050,2,4,4,-4097.976831499415,0.0,0.0
719,UK_Battery,2050,2,5,5,-4097.976831499415,0.0,0.0
720,UK_Battery,2050,2,6,6,-4097.976831499415,0.0,0.0
721,UK_Battery,2050,2,7,7,-4097.976831499415,0.0,0.0
722,UK_Battery,2050,2,8,8,-4097.976831499415,0.0,0.0
723,UK_Battery,2050,2,9,9,-4097.976831499415,0.0,0.0
724,UK_Battery,2050,2,10,10,-4097.976831499415,0.0,0.0
725,UK_Battery,2050,2,11,11,-4097.976831499415,0.0,0.0
726,UK_Battery,2050,2,12,12,-4097.976831499415,0.0,0.0
727,UK_Battery,2050,2,13,13,-4097.976831499415,0.0,0.0
728,UK_Battery,2050,2,14,14,-4097.976831499415,0.0,0.0
729,UK_Battery,2050,2,15,15,-4097.976831499415,-0.0,0.0
730,UK_Battery,2050,2,16,16,-4097.976831499415,0.0,0.0
731,UK_Battery,2050,2,17,17,-4097.976831499415,0.0,0.0
732,UK_Battery,2050,2,18,18,-4097.976831499415,0.0,0.0
733,UK_Battery,2050,2,19,19,-4097.976831499415,0.0,0.0
734,UK_Battery,2050,2,20,20,-4097.976831499415,-0.0,0.0
735,UK_Battery,2050,2,21,21,-4097.976831499415,0.0,0.0
736,UK_Battery,2050,2,22,22,-4097.976831499415,0.0,0.0
737,UK_Battery,2050,2,23,23,-4097.976831499415,0.0,0.0
738,UK_Battery,2050,2,24,24,-4097.976831499415,0.0,0.0
739,UK_Battery,2050,3,1,1,-3.0504976090224194e-13,0.0,0.0
740,UK_Battery,2050,3,2,2,-3.0504976090224194e-13,0.0,0.0
741,UK_Battery,2050,3,3,3,-3.0504976090224194e-13,0.0,0.0
742,UK_Battery,2050,3,4,4,-3.0504976090224194e-13,0.0,0.0
743,UK_Battery,2050,3,5,5,-3.0504976090224194e-13,0.0,0.0
744,UK_Battery,2050,3,6,6,-3.0504976090224194e-13,0.0,0.0
745,UK_Battery,2050,3,7,7,-3.0504976090224194e-13,0.0,0.0
746,UK_Battery,2050,3,8,8,-3.0504976090224194e-13,0.0,0.0
747,UK_Battery,2050,3,9,9,-3.0504976090224194e-13,0.0,0.0
748,UK_Battery,2050,3,10,10,-3.0504976090224194e-13,0.0,0.0
749,UK_Battery,2050,3,11,11,-0.0,0.0,0.0
750,UK_Battery,2050,3,12,12,-0.0,0.0,0.0
751,UK_Battery,2050,3,13,13,-0.0,0.0,0.0
752,UK_Battery,2050,3,14,14,-0.0,0.0,0.0
753,UK_Battery,2050,3,15,15,-0.0,-0.0,0.0
754,UK_Battery,2050,3,16,16,-0.0,-0.0,0.0
755,UK_Battery,2050,3,17,17,-0.0,-0.0,0.0
756,UK_Battery,2050,3,18,18,-0.0,-1482.8917342651282,0.0
757,UK_Battery,2050,3,19,19,-1482.8917342651282,0.0,0.0
758,UK_Battery,2050,3,20,20,-1482.8917342651282,0.0,0.0
759,UK_Battery,2050,3,21,21,-1482.8917342651282,0.0,0.0
760,UK_Battery,2050,3,22,22,-1482.8917342651282,0.0,0.0
761,UK_Battery,2050,3,23,23,-0.0,0.0,0.0
762,UK_Battery,2050,3,24,24,2.646416419338493e-13,0.0,0.0
