rep_period,timestep,milestone_year,profile_name,value
1,1,2030,availability-solar,0.0
1,2,2030,availability-solar,0.0
1,3,2030,availability-solar,0.0
1,4,2030,availability-solar,0.0
1,5,2030,availability-solar,0.0
1,6,2030,availability-solar,0.0
1,7,2030,availability-solar,0.0
1,8,2030,availability-solar,0.050117426
1,9,2030,availability-solar,0.211412666
1,10,2030,availability-solar,0.397970707
1,11,2030,availability-solar,0.547932951
1,12,2030,availability-solar,0.637840075
1,13,2030,availability-solar,0.679593594
1,14,2030,availability-solar,0.669382325
1,15,2030,availability-solar,0.621120467
1,16,2030,availability-solar,0.538769151
1,17,2030,availability-solar,0.393889194
1,18,2030,availability-solar,0.239749924
1,19,2030,availability-solar,0.088341682
1,20,2030,availability-solar,0.000622122
1,21,2030,availability-solar,0.0
1,22,2030,availability-solar,0.0
1,23,2030,availability-solar,0.0
1,24,2030,availability-solar,0.0
1,1,2030,availability-wind,0.03258115
1,2,2030,availability-wind,0.030741264
1,3,2030,availability-wind,0.03087964
1,4,2030,availability-wind,0.018214161
1,5,2030,availability-wind,0.009995486
1,6,2030,availability-wind,0.019927138
1,7,2030,availability-wind,0.016247425
1,8,2030,availability-wind,0.019194066
1,9,2030,availability-wind,0.006388796
1,10,2030,availability-wind,0.001265315
1,11,2030,availability-wind,0.000630601
1,12,2030,availability-wind,0.0010962
1,13,2030,availability-wind,0.000900619
1,14,2030,availability-wind,0.006012938
1,15,2030,availability-wind,0.008612299
1,16,2030,availability-wind,0.019012422
1,17,2030,availability-wind,0.032376556
1,18,2030,availability-wind,0.024881377
1,19,2030,availability-wind,0.013527496
1,20,2030,availability-wind,0.007850404
1,21,2030,availability-wind,0.00508178
1,22,2030,availability-wind,0.003099715
1,23,2030,availability-wind,0.003780539
1,24,2030,availability-wind,0.00587058
1,1,2030,demand-demand,0.615850557
1,2,2030,demand-demand,0.61603367
1,3,2030,demand-demand,0.623815102
1,4,2030,demand-demand,0.643318921
1,5,2030,demand-demand,0.689315761
1,6,2030,demand-demand,0.707397867
1,7,2030,demand-demand,0.745526122
1,8,2030,demand-demand,0.739865235
1,9,2030,demand-demand,0.716468926
1,10,2030,demand-demand,0.709399476
1,11,2030,demand-demand,0.703206381
1,12,2030,demand-demand,0.705429427
1,13,2030,demand-demand,0.718465256
1,14,2030,demand-demand,0.719800626
1,15,2030,demand-demand,0.720655242
1,16,2030,demand-demand,0.748513576
1,17,2030,demand-demand,0.734800133
1,18,2030,demand-demand,0.723857628
1,19,2030,demand-demand,0.728188408
1,20,2030,demand-demand,0.726066444
1,21,2030,demand-demand,0.686769577
1,22,2030,demand-demand,0.644501007
1,23,2030,demand-demand,0.603826284
1,24,2030,demand-demand,0.587132711
2,1,2030,availability-solar,0.0
2,2,2030,availability-solar,0.0
2,3,2030,availability-solar,0.0
2,4,2030,availability-solar,0.0
2,5,2030,availability-solar,0.0
2,6,2030,availability-solar,0.001051921
2,7,2030,availability-solar,0.014395644
2,8,2030,availability-solar,0.02292851
2,9,2030,availability-solar,0.042162815
2,10,2030,availability-solar,0.052022863
2,11,2030,availability-solar,0.062871549
2,12,2030,availability-solar,0.117146027
2,13,2030,availability-solar,0.188824408
2,14,2030,availability-solar,0.248608727
2,15,2030,availability-solar,0.211358248
2,16,2030,availability-solar,0.12064065
2,17,2030,availability-solar,0.082767559
2,18,2030,availability-solar,0.056575479
2,19,2030,availability-solar,0.034191971
2,20,2030,availability-solar,0.013940753
2,21,2030,availability-solar,0.000235582
2,22,2030,availability-solar,0.0
2,23,2030,availability-solar,0.0
2,24,2030,availability-solar,0.0
2,1,2030,availability-wind,0.977555027
2,2,2030,availability-wind,0.979199905
2,3,2030,availability-wind,0.979095587
2,4,2030,availability-wind,0.97825216
2,5,2030,availability-wind,0.9792
2,6,2030,availability-wind,0.9792
2,7,2030,availability-wind,0.9792
2,8,2030,availability-wind,0.979199971
2,9,2030,availability-wind,0.9792
2,10,2030,availability-wind,0.9792
2,11,2030,availability-wind,0.9792
2,12,2030,availability-wind,0.9792
2,13,2030,availability-wind,0.9792
2,14,2030,availability-wind,0.9792
2,15,2030,availability-wind,0.9792
2,16,2030,availability-wind,0.9792
2,17,2030,availability-wind,0.976753626
2,18,2030,availability-wind,0.9792
2,19,2030,availability-wind,0.956634559
2,20,2030,availability-wind,0.9792
2,21,2030,availability-wind,0.97875161
2,22,2030,availability-wind,0.97911578
2,23,2030,availability-wind,0.9792
2,24,2030,availability-wind,0.979199468
2,1,2030,demand-demand,0.485475867
2,2,2030,demand-demand,0.476613655
2,3,2030,demand-demand,0.472247151
2,4,2030,demand-demand,0.467838875
2,5,2030,demand-demand,0.483281615
2,6,2030,demand-demand,0.496804108
2,7,2030,demand-demand,0.512250741
2,8,2030,demand-demand,0.530208542
2,9,2030,demand-demand,0.542424891
2,10,2030,demand-demand,0.544469456
2,11,2030,demand-demand,0.534177321
2,12,2030,demand-demand,0.538098703
2,13,2030,demand-demand,0.532019512
2,14,2030,demand-demand,0.535911725
2,15,2030,demand-demand,0.546957933
2,16,2030,demand-demand,0.565820818
2,17,2030,demand-demand,0.569889547
2,18,2030,demand-demand,0.577479698
2,19,2030,demand-demand,0.572697092
2,20,2030,demand-demand,0.566219052
2,21,2030,demand-demand,0.561837431
2,22,2030,demand-demand,0.543463362
2,23,2030,demand-demand,0.513567509
2,24,2030,demand-demand,0.491681142
3,1,2030,availability-solar,0.0
3,2,2030,availability-solar,0.0
3,3,2030,availability-solar,0.0
3,4,2030,availability-solar,0.0
3,5,2030,availability-solar,0.0
3,6,2030,availability-solar,0.0
3,7,2030,availability-solar,0.0
3,8,2030,availability-solar,0.0
3,9,2030,availability-solar,0.0
3,10,2030,availability-solar,0.0
3,11,2030,availability-solar,0.118081493
3,12,2030,availability-solar,0.222641838
3,13,2030,availability-solar,0.299086488
3,14,2030,availability-solar,0.303101716
3,15,2030,availability-solar,0.224862178
3,16,2030,availability-solar,0.111312563
3,17,2030,availability-solar,0.0
3,18,2030,availability-solar,0.0
3,19,2030,availability-solar,0.0
3,20,2030,availability-solar,0.0
3,21,2030,availability-solar,0.0
3,22,2030,availability-solar,0.0
3,23,2030,availability-solar,0.0
3,24,2030,availability-solar,0.0
3,1,2030,availability-wind,0.042796609
3,2,2030,availability-wind,0.036919127
3,3,2030,availability-wind,0.019192706
3,4,2030,availability-wind,0.001163871
3,5,2030,availability-wind,0.011165111
3,6,2030,availability-wind,0.002585741
3,7,2030,availability-wind,0.009737404
3,8,2030,availability-wind,0.018536908
3,9,2030,availability-wind,0.032315992
3,10,2030,availability-wind,0.058488558
3,11,2030,availability-wind,0.103416799
3,12,2030,availability-wind,0.133293406
3,13,2030,availability-wind,0.201651743
3,14,2030,availability-wind,0.213479396
3,15,2030,availability-wind,0.262104215
3,16,2030,availability-wind,0.308473925
3,17,2030,availability-wind,0.391636971
3,18,2030,availability-wind,0.56969968
3,19,2030,availability-wind,0.759283041
3,20,2030,availability-wind,0.890405935
3,21,2030,availability-wind,0.923291337
3,22,2030,availability-wind,0.947742336
3,23,2030,availability-wind,0.957272485
3,24,2030,availability-wind,0.955183697
3,1,2030,demand-demand,0.659051255
3,2,2030,demand-demand,0.644130521
3,3,2030,demand-demand,0.636628619
3,4,2030,demand-demand,0.63208382
3,5,2030,demand-demand,0.631735038
3,6,2030,demand-demand,0.638589193
3,7,2030,demand-demand,0.6811899
3,8,2030,demand-demand,0.724363957
3,9,2030,demand-demand,0.752452236
3,10,2030,demand-demand,0.757009237
3,11,2030,demand-demand,0.751758848
3,12,2030,demand-demand,0.751864926
3,13,2030,demand-demand,0.752005139
3,14,2030,demand-demand,0.753299269
3,15,2030,demand-demand,0.763954572
3,16,2030,demand-demand,0.791164147
3,17,2030,demand-demand,0.829187747
3,18,2030,demand-demand,0.820302421
3,19,2030,demand-demand,0.803516915
3,20,2030,demand-demand,0.781209504
3,21,2030,demand-demand,0.753381056
3,22,2030,demand-demand,0.723652707
3,23,2030,demand-demand,0.693455402
3,24,2030,demand-demand,0.6660379
4,1,2030,availability-solar,0.0
4,2,2030,availability-solar,0.0
4,3,2030,availability-solar,0.0
4,4,2030,availability-solar,0.0
4,5,2030,availability-solar,0.0
4,6,2030,availability-solar,0.003722744
4,7,2030,availability-solar,0.043595378
4,8,2030,availability-solar,0.139240697
4,9,2030,availability-solar,0.241858225
4,10,2030,availability-solar,0.288582444
4,11,2030,availability-solar,0.327480205
4,12,2030,availability-solar,0.363296703
4,13,2030,availability-solar,0.40039232
4,14,2030,availability-solar,0.426884849
4,15,2030,availability-solar,0.39609482
4,16,2030,availability-solar,0.376778719
4,17,2030,availability-solar,0.349676709
4,18,2030,availability-solar,0.26394934
4,19,2030,availability-solar,0.154260467
4,20,2030,availability-solar,0.052839127
4,21,2030,availability-solar,0.00794418
4,22,2030,availability-solar,0.0
4,23,2030,availability-solar,0.0
4,24,2030,availability-solar,0.0
4,1,2030,availability-wind,0.979193674
4,2,2030,availability-wind,0.979098315
4,3,2030,availability-wind,0.978845346
4,4,2030,availability-wind,0.976653453
4,5,2030,availability-wind,0.977319665
4,6,2030,availability-wind,0.97729427
4,7,2030,availability-wind,0.976862724
4,8,2030,availability-wind,0.961663457
4,9,2030,availability-wind,0.927760847
4,10,2030,availability-wind,0.895291311
4,11,2030,availability-wind,0.780892846
4,12,2030,availability-wind,0.708876741
4,13,2030,availability-wind,0.641741114
4,14,2030,availability-wind,0.578266892
4,15,2030,availability-wind,0.472960298
4,16,2030,availability-wind,0.333910826
4,17,2030,availability-wind,0.215532735
4,18,2030,availability-wind,0.162156249
4,19,2030,availability-wind,0.122788717
4,20,2030,availability-wind,0.080736462
4,21,2030,availability-wind,0.049857568
4,22,2030,availability-wind,0.053715215
4,23,2030,availability-wind,0.064030994
4,24,2030,availability-wind,0.05692478
4,1,2030,demand-demand,0.480313343
4,2,2030,demand-demand,0.471262774
4,3,2030,demand-demand,0.466014748
4,4,2030,demand-demand,0.459989865
4,5,2030,demand-demand,0.468675046
4,6,2030,demand-demand,0.471857186
4,7,2030,demand-demand,0.473052368
4,8,2030,demand-demand,0.485611064
4,9,2030,demand-demand,0.500264308
4,10,2030,demand-demand,0.511500129
4,11,2030,demand-demand,0.514720708
4,12,2030,demand-demand,0.516082254
4,13,2030,demand-demand,0.506220852
4,14,2030,demand-demand,0.509451069
4,15,2030,demand-demand,0.517658598
4,16,2030,demand-demand,0.5399192
4,17,2030,demand-demand,0.547614908
4,18,2030,demand-demand,0.560255065
4,19,2030,demand-demand,0.559689413
4,20,2030,demand-demand,0.55484598
4,21,2030,demand-demand,0.55416468
4,22,2030,demand-demand,0.533527248
4,23,2030,demand-demand,0.503228175
4,24,2030,demand-demand,0.484605391
