year,period,rep_period,weight
2050,1,2,0.32683738754425706
2050,1,5,0.098694800482908
2050,1,26,0.010361320396178665
2050,1,28,0.043430515938651666
2050,1,32,0.5206759756380047
2050,2,5,0.7947980679020861
2050,2,26,0.11710378149338245
2050,2,32,0.08809815060453151
2050,3,5,0.6763656878840765
2050,3,16,0.16682936046511848
2050,3,26,0.018877144418122896
2050,3,28,0.13792780723268228
2050,4,5,0.4869890733165607
2050,4,12,0.0707447268731165
2050,4,16,0.09102263995105243
2050,4,28,0.35124355985927036
2050,5,5,0.14177549225610553
2050,5,16,0.15785479308452036
2050,5,28,0.7003697146593743
2050,6,6,0.16787907560194248
2050,6,14,0.12123063257256869
2050,6,19,0.6180832527872296
2050,6,28,0.09280703903825933
2050,7,5,0.058003655311221994
2050,7,14,0.15201729691886504
2050,7,26,0.0466825102120264
2050,7,28,0.21967035978882032
2050,7,32,0.5236261777690662
2050,8,5,0.5826240778478515
2050,8,26,0.30852176142573096
2050,8,32,0.10885416072641757
2050,9,5,0.8261781383384654
2050,9,7,0.06895513746438175
2050,9,16,0.08777192048169968
2050,9,22,0.01709480371545316
2050,10,5,0.8678330082301824
2050,10,22,0.1321669917698176
2050,11,5,0.9198545596835181
2050,11,16,0.0801454403164818
2050,12,5,0.9504955207071826
2050,12,16,0.04950447929281737
2050,13,5,0.8350377033273808
2050,13,12,0.05780170296731287
2050,13,26,0.10716059370530635
2050,14,5,0.7459890164985977
2050,14,26,0.25401098350140233
2050,15,5,0.23600424619170368
2050,15,8,0.01440734463492738
2050,15,12,0.06742564797867392
2050,15,26,0.05737172033763863
2050,15,32,0.6247910408570564
2050,16,2,0.1023959540370658
2050,16,5,0.07370654887052776
2050,16,12,0.6084556446858009
2050,16,26,0.2154418524066055
2050,17,2,0.8118767832347754
2050,17,5,0.06491049856069372
2050,17,16,0.06474264782796171
2050,17,27,0.05847007037656911
2050,18,12,0.05287524435345631
2050,18,13,0.1257045562787086
2050,18,23,0.5201766500713679
2050,18,26,0.10744574495486621
2050,18,27,0.19379780434160104
2050,19,23,0.06187495633168944
2050,19,25,0.7590074958088308
2050,19,27,0.17911754785947984
2050,20,23,0.6935682779023138
2050,20,24,0.04632109147007481
2050,20,25,0.08398412607901524
2050,20,27,0.17612650454859613
2050,21,13,0.6439389228360836
2050,21,21,0.07622586994870517
2050,21,23,0.17285419984063904
2050,21,27,0.10698100737457227
2050,22,22,0.2912254935707977
2050,22,25,0.6627848029983232
2050,22,27,0.04598970343087919
2050,23,22,1.0
2050,24,16,0.21260874841486296
2050,24,19,0.7873912515851371
2050,25,5,0.014852038990099937
2050,25,14,0.0882767186883465
2050,25,19,0.03900956849153723
2050,25,21,0.0796023991536651
2050,25,22,0.704086039991296
2050,25,27,0.07417323468505527
2050,26,19,0.7706788114552032
2050,26,26,0.16930538138165455
2050,26,32,0.06001580716314225
2050,27,3,0.027117792740617395
2050,27,7,0.1278655029737649
2050,27,13,0.12069011071407619
2050,27,14,0.07969787492369453
2050,27,21,0.5379521820387719
2050,27,26,0.057270981086096746
2050,27,27,0.04940555552297837
2050,28,7,0.10689006143275698
2050,28,19,0.23092712725939632
2050,28,32,0.6621828113078468
2050,29,5,0.3144478736615392
2050,29,7,0.05060285159246776
2050,29,12,0.5766191106708114
2050,29,26,0.03030554631005534
2050,29,32,0.028024617765126335
2050,30,12,0.9679828300586851
2050,30,16,0.03201716994131483
2050,31,12,0.754482718525452
2050,31,22,0.11847248329626864
2050,31,23,0.09723798142749888
2050,31,27,0.02980681675078034
2050,32,2,0.08585605883982173
2050,32,12,0.17253585686594283
2050,32,21,0.5154573703958872
2050,32,32,0.22615071389834826
2050,33,21,1.0
2050,34,12,0.17653532990748386
2050,34,21,0.04489731406264751
2050,34,22,0.22289893798839472
2050,34,25,0.5556684180414738
2050,35,22,0.8258761276900317
2050,35,25,0.1741238723099684
2050,36,16,0.015273732567760727
2050,36,22,0.9847262674322392
2050,37,16,0.8568206691454993
2050,37,22,0.026733760380260402
2050,37,35,0.11644557047424021
2050,38,2,0.10845149578837461
2050,38,5,0.1907564551465467
2050,38,16,0.17326450729390563
2050,38,26,0.07474544126125789
2050,38,33,0.3841232304885179
2050,38,35,0.06865887002139721
2050,39,5,0.1421213290948087
2050,39,16,0.8461507929671657
2050,39,26,0.01172787793802566
2050,40,1,0.06264564733104623
2050,40,6,0.07352038802150666
2050,40,16,0.7231962481741797
2050,40,19,0.04363658726914698
2050,40,22,0.09700112920412055
2050,41,6,0.7145735104502163
2050,41,16,0.2596709796867473
2050,41,27,0.0257555098630364
2050,42,6,0.5760451615181784
2050,42,23,0.19551042867565938
2050,42,25,0.17285534573631395
2050,42,27,0.05558906406984813
2050,43,13,0.044815203329398354
2050,43,23,0.909423638410901
2050,43,28,0.04576115825970058
2050,44,10,0.05822814987534526
2050,44,14,0.048303889612246055
2050,44,19,0.5663269452008423
2050,44,21,0.11071075824840433
2050,44,25,0.21643025706316205
2050,45,19,0.06062796623251297
2050,45,21,0.5787704906426995
2050,45,25,0.3448882873557065
2050,45,27,0.015713255769081173
2050,46,2,0.03201492222448293
2050,46,12,0.14366449282944188
2050,46,26,0.034655847993896274
2050,46,28,0.1390735077850351
2050,46,32,0.05852591759106702
2050,46,33,0.5920653115760767
2050,47,12,0.3381563057041381
2050,47,28,0.5206381055899406
2050,47,33,0.14120558870592134
2050,48,2,0.2173498228122477
2050,48,12,0.7115293287611638
2050,48,23,0.07112084842658858
2050,49,2,0.8138456570980517
2050,49,30,0.011055996422536138
2050,49,32,0.1019997085277554
2050,49,33,0.07309863795165682
2050,50,2,0.0470465130815168
2050,50,9,0.11061531412090679
2050,50,26,0.010047094951680637
2050,50,28,0.019938013028770154
2050,50,32,0.8123530648171257
2050,51,5,0.11381379303950394
2050,51,23,0.23440095295118574
2050,51,32,0.5946943945100517
2050,51,34,0.05709085949925874
2050,52,12,0.8234803406641455
2050,52,18,0.08072397737505269
2050,52,24,0.03586963752103967
2050,52,36,0.05992604443976217
2050,53,2,0.8122414080034386
2050,53,12,0.1161418100161705
2050,53,18,0.050197959879289156
2050,53,22,0.02141882210110179
2050,54,12,0.08161115853931025
2050,54,16,0.0100360236231751
2050,54,19,0.03359541628849887
2050,54,32,0.8747574015490158
2050,55,7,0.15110540095030814
2050,55,8,0.045854454797707236
2050,55,12,0.03922002024411603
2050,55,19,0.5287855323251411
2050,55,32,0.2350345916827274
2050,56,6,0.06797870178509936
2050,56,12,0.23713227900753892
2050,56,22,0.26694575057048064
2050,56,29,0.4279432686368811
2050,57,19,0.9624495733847853
2050,57,29,0.03755042661521473
2050,58,13,0.026222758173867863
2050,58,19,0.4737770063553943
2050,58,20,0.03832323271051917
2050,58,21,0.18837253787949093
2050,58,23,0.02111627392379123
2050,58,25,0.21598133655977514
2050,58,27,0.03620685439716147
2050,59,19,0.9734952568259508
2050,59,20,0.026504743174049147
2050,60,3,0.028701115860221046
2050,60,5,0.08701294532295595
2050,60,32,0.884285938816823
2050,61,5,0.5344785783723675
2050,61,7,0.34195164585947035
2050,61,19,0.12356977576816211
2050,62,5,0.46897672005028324
2050,62,7,0.2868930103741158
2050,62,9,0.08934524332486768
2050,62,14,0.06458494554809517
2050,62,30,0.09020008070263813
2050,63,7,0.6193241314427473
2050,63,19,0.21636642146507448
2050,63,20,0.010766709676020936
2050,63,25,0.15354273741615732
2050,64,7,0.08403103962676359
2050,64,9,0.03985263747038184
2050,64,22,0.8761163229028546
2050,65,2,0.20772565151459385
2050,65,9,0.6663306727763473
2050,65,16,0.027279130753593242
2050,65,22,0.09866454495546562
2050,66,2,0.13991014750930694
2050,66,9,0.8600898524906931
2050,67,2,0.24571653033330798
2050,67,9,0.7206532767953654
2050,67,26,0.033630192871326646
2050,68,9,0.30979443788344185
2050,68,13,0.6270100323470202
2050,68,33,0.06319552976953796
2050,69,3,0.1551370624141311
2050,69,4,0.042677283352005484
2050,69,9,0.02410852331733657
2050,69,11,0.05148460872684917
2050,69,26,0.07772864698562895
2050,69,33,0.6068811058393574
2050,69,34,0.0419827693646914
2050,70,3,0.8210656095945955
2050,70,13,0.060458189104604536
2050,70,28,0.11847620130080004
2050,71,3,0.08830095496749729
2050,71,5,0.05196741334261237
2050,71,7,0.071283719834765
2050,71,18,0.32521826716880137
2050,71,22,0.034647280134882906
2050,71,33,0.42858236455144116
2050,72,16,0.06922536313286638
2050,72,33,0.9307746368671337
2050,73,1,0.12179123667273968
2050,73,7,0.022257173145608388
2050,73,10,0.014040687900892898
2050,73,21,0.06282147157585033
2050,73,26,0.14913050940176856
2050,73,32,0.025363365909127078
2050,73,33,0.6045955553940131
2050,74,1,0.16100057107328122
2050,74,5,0.054316811059922886
2050,74,7,0.17634204814199686
2050,74,9,0.5909749997456156
2050,74,21,0.017365569979183423
2050,75,6,0.100598130096689
2050,75,9,0.5405882393672853
2050,75,16,0.076566484071747
2050,75,28,0.2216841585513624
2050,75,30,0.03962241084170351
2050,75,35,0.020940577071212694
2050,76,6,0.34400280983826725
2050,76,30,0.12630266340000557
2050,76,33,0.3614313763054703
2050,76,35,0.16826315045625695
2050,77,6,0.1229941912144328
2050,77,7,0.11984435592851943
2050,77,25,0.576438018975561
2050,77,30,0.18072343388148676
2050,78,3,0.09610080756931544
2050,78,19,0.11227927414072547
2050,78,21,0.1436616248136154
2050,78,25,0.593692027952257
2050,78,33,0.05426626552408674
2050,79,6,0.15768824032920772
2050,79,9,0.11056518778787408
2050,79,21,0.07957982091966298
2050,79,22,0.04061937847717883
2050,79,23,0.11535641119273773
2050,79,25,0.49619096129333856
2050,80,9,0.7643379606683965
2050,80,16,0.016390042220799695
2050,80,19,0.040308863557762975
2050,80,21,0.06705177171885957
2050,80,25,0.11191136183418124
2050,81,3,0.10800732189159973
2050,81,6,0.014926252482178113
2050,81,16,0.05823462401559461
2050,81,18,0.1136663677601982
2050,81,21,0.059138927259456346
2050,81,22,0.2774169914725176
2050,81,27,0.012276618974854697
2050,81,33,0.3563328961436007
2050,82,23,0.18045404222789496
2050,82,33,0.8195459577721051
2050,83,12,0.05887768641997102
2050,83,13,0.05416923055947667
2050,83,22,0.10335080078176467
2050,83,23,0.6477925897247778
2050,83,25,0.11889793692864142
2050,83,27,0.016911755585368348
2050,84,3,0.014700649554998169
2050,84,6,0.09658710593059727
2050,84,8,0.01785164777784831
2050,84,22,0.6841124809246214
2050,84,23,0.024054171054723225
2050,84,30,0.06117461915324457
2050,84,33,0.10151932560396708
2050,85,12,0.29898130590282124
2050,85,19,0.06815191567167969
2050,85,23,0.017054979402265684
2050,85,26,0.08467908446426142
2050,85,33,0.531132714558972
2050,86,3,0.025539856820420134
2050,86,6,0.01405875247219212
2050,86,7,0.06416321201827242
2050,86,16,0.16464325853139616
2050,86,18,0.04603349150113471
2050,86,21,0.6231642352340979
2050,86,23,0.06239719342248657
2050,87,7,0.32477095043068543
2050,87,19,0.48144372555547527
2050,87,22,0.19378532401383924
2050,88,3,0.019163085596913546
2050,88,7,0.3397632153786553
2050,88,26,0.03505097549192892
2050,88,32,0.6060227235325023
2050,89,5,0.23534438896999701
2050,89,7,0.7478282371426856
2050,89,26,0.01682737388731725
2050,90,7,1.0
2050,91,7,1.0
2050,92,6,0.0839428668154952
2050,92,7,0.7398241965291039
2050,92,16,0.07543857316213033
2050,92,17,0.022991888683635674
2050,92,24,0.03873841639731743
2050,92,30,0.039064058412317366
2050,93,6,0.6551109507134474
2050,93,7,0.06804093453263124
2050,93,18,0.042369016557703476
2050,93,20,0.20897369795393264
2050,93,22,0.02550540024228541
2050,94,3,0.05136455801328166
2050,94,9,0.10413577466252026
2050,94,17,0.024900668286360894
2050,94,18,0.014695032166710264
2050,94,19,0.027475898669614054
2050,94,20,0.0877900127586955
2050,94,22,0.022566808592679
2050,94,23,0.5071880418280997
2050,94,25,0.09618716357385416
2050,94,30,0.06369604144818448
2050,95,6,0.2754084711304786
2050,95,18,0.4758785579989243
2050,95,22,0.18537345007680076
2050,95,30,0.06333952079379633
2050,96,6,0.748251450022781
2050,96,18,0.1278051720507915
2050,96,22,0.12394337792642748
2050,97,6,0.6511263439617555
2050,97,16,0.14036883624670712
2050,97,30,0.2085048197915373
2050,98,3,0.10694787158355445
2050,98,6,0.7732611476075598
2050,98,12,0.023319042699455703
2050,98,23,0.05082377118473078
2050,98,30,0.04564816692469907
2050,99,6,0.22008988508353905
2050,99,23,0.5622514180378115
2050,99,30,0.1751434313862805
2050,99,35,0.04251526549236895
2050,100,3,0.16535834201698127
2050,100,4,0.05767120768714806
2050,100,23,0.69976939553167
2050,100,30,0.07720105476420078
2050,101,3,0.1277076063207725
2050,101,7,0.04429773419986564
2050,101,9,0.36396864744695556
2050,101,10,0.179170156727263
2050,101,15,0.07519651547348245
2050,101,19,0.2096593398316608
2050,102,11,0.0383124210499708
2050,102,26,0.19327138729466095
2050,102,30,0.4277445789923886
2050,102,33,0.34067161266297963
2050,103,5,0.04322866880588086
2050,103,12,0.08764022753078142
2050,103,26,0.01907263421058617
2050,103,27,0.03861920043100029
2050,103,30,0.8114392690217513
2050,104,7,0.10501755429671095
2050,104,11,0.036571909041931486
2050,104,26,0.12738188222688113
2050,104,30,0.6682983000717891
2050,104,32,0.0627303543626873
2050,105,1,0.10865574010210775
2050,105,7,0.08783378612191567
2050,105,14,0.02870490114828289
2050,105,30,0.7748055726276938
2050,106,30,0.9336584446750033
2050,106,35,0.06634155532499682
2050,107,9,0.45106343060002674
2050,107,18,0.21126145726872017
2050,107,30,0.33767511213125306
2050,108,7,0.1138305223385484
2050,108,18,0.5607098686448373
2050,108,30,0.32545960901661425
2050,109,3,0.29652342662132913
2050,109,23,0.1360827473992071
2050,109,30,0.20854345128333265
2050,109,33,0.25469786239011805
2050,109,35,0.10415251230601304
2050,110,16,0.058053889564131184
2050,110,18,0.02399291222483542
2050,110,30,0.8763641904646919
2050,110,35,0.041589007746341354
2050,111,6,0.053422213920457574
2050,111,7,0.12805108959953984
2050,111,17,0.06332234681116615
2050,111,22,0.016769350278914415
2050,111,30,0.7384349993899221
2050,112,3,0.8523839714993956
2050,112,17,0.03383519828795927
2050,112,30,0.1137808302126451
2050,113,23,0.015314740839781607
2050,113,30,0.8336642785731206
2050,113,34,0.06853576565793526
2050,113,35,0.0824852149291624
2050,114,20,0.17858811622990103
2050,114,23,0.031705597803815766
2050,114,25,0.051209717592140255
2050,114,30,0.7118203372099612
2050,114,31,0.026676231164181715
2050,115,10,0.029990139425564215
2050,115,11,0.04392069702467267
2050,115,15,0.08306151151668162
2050,115,19,0.11879755915355726
2050,115,27,0.0778059545650938
2050,115,29,0.41104141041622505
2050,115,30,0.23538272789820536
2050,116,17,0.017525827303709555
2050,116,25,0.5491652774299594
2050,116,30,0.31475055007215835
2050,116,31,0.11855834519417276
2050,117,18,0.03934665186855137
2050,117,20,0.029228829014865777
2050,117,22,0.14439887042279878
2050,117,29,0.5327751334556317
2050,117,30,0.16753222106168414
2050,117,31,0.08671829417646815
2050,118,3,0.01658038898583617
2050,118,7,0.1822501528948802
2050,118,15,0.019866671136369595
2050,118,20,0.1540350337301869
2050,118,29,0.3940684231119035
2050,118,30,0.17981592186984902
2050,118,31,0.05338340827097456
2050,119,3,0.09836546104707221
2050,119,4,0.05727981409467899
2050,119,7,0.20080032694820313
2050,119,9,0.04930865745047556
2050,119,11,0.0898244822365905
2050,119,30,0.18688141515041323
2050,119,36,0.3175398430725665
2050,120,11,0.09597949728749075
2050,120,15,0.7081680196417605
2050,120,23,0.12951137366441845
2050,120,24,0.06634110940633042
2050,121,15,0.321054990696187
2050,121,18,0.10986256793829417
2050,121,23,0.055023100075427926
2050,121,31,0.5140593412900908
2050,122,15,0.2453570818708935
2050,122,23,0.11713841116074808
2050,122,31,0.6375045069683584
2050,123,10,0.03357855451328527
2050,123,15,0.736244898390295
2050,123,19,0.09028859524189187
2050,123,22,0.05829504022308195
2050,123,29,0.08159291163144593
2050,124,11,0.6239754590043132
2050,124,12,0.028440433504096904
2050,124,15,0.23892544597540005
2050,124,22,0.034072493090599405
2050,124,27,0.027129464938622116
2050,124,31,0.0474567034869684
2050,125,5,0.050748154094086284
2050,125,7,0.15866109671011838
2050,125,15,0.7905907491957953
2050,126,5,0.02180206128502685
2050,126,7,0.13112313838240983
2050,126,11,0.6154847146036312
2050,126,15,0.2315900857289321
2050,127,15,1.0
2050,128,15,0.8446157570142827
2050,128,23,0.15538424298571737
2050,129,15,1.0
2050,130,15,0.9447467350112003
2050,130,28,0.055253264988799664
2050,131,15,1.0
2050,132,11,0.6290838759850671
2050,132,15,0.3709161240149329
2050,133,11,0.725689901724959
2050,133,15,0.2743100982750411
2050,134,6,0.11409733102366182
2050,134,25,0.020667056480003238
2050,134,31,0.865235612496335
2050,135,22,0.10741572136908342
2050,135,23,0.017632935923839497
2050,135,31,0.874951342707077
2050,136,2,0.015609440058750632
2050,136,15,0.18805374532454416
2050,136,19,0.09090114679158426
2050,136,31,0.705435667825121
2050,137,11,0.21324778451086124
2050,137,15,0.06956324273349174
2050,137,28,0.07196987613043732
2050,137,31,0.35042924691868366
2050,137,36,0.2947898497065261
2050,138,10,0.11689370636792774
2050,138,11,0.20385537305822085
2050,138,13,0.026086835227838372
2050,138,26,0.02829480996389606
2050,138,31,0.624869275382117
2050,139,7,0.15784687440942835
2050,139,11,0.5079949168826768
2050,139,31,0.3341582087078949
2050,140,20,0.045601778506344004
2050,140,31,0.954398221493656
2050,141,18,0.059390105200322445
2050,141,20,0.03191835873278807
2050,141,22,0.12491279402463357
2050,141,31,0.783778742042256
2050,142,6,0.05841496089908039
2050,142,16,0.0800209869988812
2050,142,18,0.04639662913640837
2050,142,22,0.06090412447639385
2050,142,31,0.7542632984892362
2050,143,15,0.03457157736847005
2050,143,16,0.06063397059427738
2050,143,31,0.3559054814730751
2050,143,34,0.5488889705641775
2050,144,3,0.035868463299325276
2050,144,4,0.06058067167617992
2050,144,20,0.08527709788219268
2050,144,25,0.10627845900630935
2050,144,31,0.6935978439492876
2050,144,34,0.01839746418670527
2050,145,17,0.02166472199172775
2050,145,20,0.20206122398524062
2050,145,25,0.13749140806509702
2050,145,31,0.592909807749509
2050,145,34,0.04587283820842555
2050,146,3,0.042520224469994525
2050,146,15,0.024943043984032732
2050,146,24,0.30464010308811734
2050,146,31,0.6278966284578553
2050,147,6,0.05568784172988599
2050,147,7,0.06412228367443361
2050,147,15,0.0521962585430465
2050,147,29,0.043704671055153056
2050,147,31,0.28517383155395576
2050,147,36,0.499115113443525
2050,148,1,0.09170310375724638
2050,148,11,0.11061858731584107
2050,148,15,0.28101004641642047
2050,148,19,0.08566884089914133
2050,148,31,0.43099942161135085
2050,149,10,0.131587726400566
2050,149,11,0.25405528326056026
2050,149,15,0.05116204867261805
2050,149,17,0.034455601930222374
2050,149,20,0.024519560828513337
2050,149,27,0.011384959895383085
2050,149,31,0.4928348190121369
2050,150,4,0.12662775089333886
2050,150,11,0.7484694361033833
2050,150,24,0.04713663733501034
2050,150,36,0.07776617566826738
2050,151,10,0.018827313747002652
2050,151,11,0.8516379622751582
2050,151,26,0.12953472397783916
2050,152,11,0.8435335433923082
2050,152,13,0.03933393022811856
2050,152,26,0.060705327927270895
2050,152,34,0.05642719845230229
2050,153,11,0.7143838890388916
2050,153,14,0.14646386760892943
2050,153,15,0.1141344383706129
2050,153,19,0.010588574773601723
2050,153,26,0.014429230207964296
2050,154,11,0.8888063216967519
2050,154,26,0.041006638310816225
2050,154,30,0.029634861643082745
2050,154,34,0.04055217834934904
2050,155,11,0.3898161435956722
2050,155,15,0.014883999908867102
2050,155,23,0.10073083167302402
2050,155,36,0.49456902482243675
2050,156,11,0.1849129278743683
2050,156,15,0.027818353036566282
2050,156,20,0.15008621551856507
2050,156,31,0.6371825035705002
2050,157,2,0.08536372379037274
2050,157,4,0.05998151237871391
2050,157,9,0.017784285230927843
2050,157,11,0.8368704785999854
2050,158,11,0.7829473711585119
2050,158,23,0.06079418420461711
2050,158,34,0.033948830384543556
2050,158,35,0.08088954796726289
2050,158,36,0.041420066285064554
2050,159,11,0.5355297041948106
2050,159,17,0.4017492859498823
2050,159,35,0.06272100985530706
2050,160,11,0.013442014838427397
2050,160,15,0.24758689861405175
2050,160,17,0.7389710865475209
2050,161,3,0.011481497971246873
2050,161,11,0.49039497603702664
2050,161,15,0.08279962821958034
2050,161,17,0.3219129859325801
2050,161,35,0.09341091183956611
2050,162,11,0.12214406377361443
2050,162,17,0.6877939960228019
2050,162,23,0.05264020590904977
2050,162,26,0.02307352638774373
2050,162,30,0.028906245748540206
2050,162,35,0.08544196215825003
2050,163,17,0.8854429130227044
2050,163,23,0.11455708697729568
2050,164,17,0.8872139243825808
2050,164,22,0.028726729211660324
2050,164,29,0.08405934640575888
2050,165,4,0.016585110260896943
2050,165,17,0.18304156526900373
2050,165,24,0.036575470396752255
2050,165,34,0.014108006610893986
2050,165,36,0.7496898474624532
2050,166,15,0.0605104565410349
2050,166,17,0.2689723927568838
2050,166,30,0.02373130802654955
2050,166,34,0.6467858426755317
2050,167,3,0.08036388986826033
2050,167,11,0.017216856372751128
2050,167,20,0.3753168196369759
2050,167,31,0.27623663288013883
2050,167,34,0.25086580124187396
2050,168,11,0.14070346833540434
2050,168,29,0.569178452867637
2050,168,31,0.23863977048247617
2050,168,36,0.051478308314482586
2050,169,1,0.14738837420719647
2050,169,2,0.040647446010251824
2050,169,5,0.07073228473875338
2050,169,7,0.0109508131372434
2050,169,8,0.06049021908560743
2050,169,11,0.07862116965786027
2050,169,16,0.016331547978597805
2050,169,17,0.041807694625486023
2050,169,31,0.4138268091813837
2050,169,36,0.1192036413776198
2050,170,1,0.15188099072067143
2050,170,17,0.5696361225988478
2050,170,24,0.08587637124198895
2050,170,31,0.1791513796117438
2050,170,36,0.01345513582674811
2050,171,15,0.054587577787549
2050,171,17,0.07120471318138878
2050,171,20,0.7820248965106218
2050,171,31,0.09218281252044044
2050,172,15,0.1276986742393919
2050,172,17,0.05707752916890771
2050,172,20,0.8152237965917003
2050,173,17,0.7896941544937028
2050,173,20,0.19417816710453897
2050,173,22,0.016127678401758203
2050,174,7,0.07954249093301721
2050,174,8,0.04558519482031752
2050,174,17,0.7977314642723823
2050,174,29,0.011940246533576275
2050,174,35,0.06520060344070672
2050,175,17,0.0379359679358645
2050,175,36,0.9620640320641356
2050,176,20,0.21948179632993894
2050,176,23,0.1207688457136721
2050,176,34,0.02272371545741693
2050,176,36,0.6370256424989721
2050,177,15,0.017865408219446363
2050,177,20,0.7455462017267567
2050,177,23,0.019867069642997497
2050,177,31,0.0371959083595949
2050,177,36,0.17952541205120448
2050,178,15,0.03408784801825227
2050,178,17,0.040618121868273564
2050,178,20,0.8399388065854935
2050,178,31,0.08535522352798064
2050,179,4,0.03466935007166077
2050,179,15,0.0531824579042614
2050,179,20,0.7872768359429593
2050,179,31,0.12487135608111855
2050,180,4,0.027061331093210243
2050,180,15,0.06553898721918897
2050,180,20,0.787039555966605
2050,180,36,0.12036012572099568
2050,181,11,0.03175628154443132
2050,181,15,0.05870161518730267
2050,181,20,0.893070653423546
2050,181,36,0.01647144984471993
2050,182,10,0.18349328793743166
2050,182,17,0.8165067120625683
2050,183,1,0.04204341047255213
2050,183,4,0.2534755409497719
2050,183,17,0.6890549994416226
2050,183,20,0.015426049136053346
2050,184,4,0.0986339784887176
2050,184,11,0.032252627997112565
2050,184,17,0.48673597406347036
2050,184,20,0.24036580262895946
2050,184,23,0.14201161682174002
2050,185,10,0.6234373986189756
2050,185,13,0.015892649410002693
2050,185,17,0.2185797691023099
2050,185,20,0.14209018286871172
2050,186,17,0.25011872467668045
2050,186,20,0.7498812753233196
2050,187,4,0.8499626460050191
2050,187,11,0.1500373539949808
2050,188,10,0.4430860094394199
2050,188,11,0.2776726966924767
2050,188,13,0.07532829375756073
2050,188,34,0.135052649891132
2050,188,36,0.06886035021941073
2050,189,4,0.027376758167090898
2050,189,7,0.1740372323643141
2050,189,8,0.5067802742753548
2050,189,11,0.2918057351932402
2050,190,5,0.014928915637687386
2050,190,8,0.32861186891284083
2050,190,16,0.05215274042277149
2050,190,36,0.6043064750267003
2050,191,28,0.08077735101729108
2050,191,36,0.919222648982709
2050,192,4,0.024045143825506633
2050,192,10,0.6706187827580568
2050,192,20,0.13972799431043803
2050,192,23,0.1656080791059986
2050,193,10,0.6935853511159039
2050,193,17,0.017606847067589863
2050,193,20,0.2514794180024324
2050,193,25,0.03732838381407388
2050,194,8,0.06737137054027668
2050,194,17,0.10287031330670837
2050,194,20,0.829758316153015
2050,195,17,0.2197824397376884
2050,195,20,0.5604915755331217
2050,195,24,0.2197259847291899
2050,196,17,0.08021295941329165
2050,196,20,0.3665031972600078
2050,196,24,0.5532838433267006
2050,197,4,0.6173546880462549
2050,197,20,0.3826453119537452
2050,198,4,0.07258776730912295
2050,198,10,0.927412232690877
2050,199,4,0.9676185682093432
2050,199,11,0.03238143179065681
2050,200,10,0.6142064161009693
2050,200,17,0.21531137065323175
2050,200,34,0.1704822132457989
2050,201,4,0.7120899954978833
2050,201,18,0.10577824609483708
2050,201,20,0.18213175840727963
2050,202,4,0.759186256924713
2050,202,10,0.18651712865982267
2050,202,15,0.05429661441546441
2050,203,10,0.556222482093513
2050,203,34,0.3333688394863109
2050,203,36,0.1104086784201761
2050,204,4,0.7120174942913513
2050,204,6,0.03978258071938104
2050,204,20,0.02237683257358491
2050,204,24,0.215395438111198
2050,204,36,0.01042765430448476
2050,205,10,0.06723010994227863
2050,205,20,0.3498430147080071
2050,205,34,0.5829268753497143
2050,206,7,0.12280255630499001
2050,206,8,0.17661347621595566
2050,206,11,0.0787230919225389
2050,206,24,0.6218608755565155
2050,207,12,0.046111919261805585
2050,207,26,0.08803375625259846
2050,207,32,0.0864246747960766
2050,207,34,0.013846402486732527
2050,207,36,0.7655832472027869
2050,208,7,0.11761979436364939
2050,208,10,0.7896186424111674
2050,208,16,0.04899817934382158
2050,208,21,0.017091735847998283
2050,208,32,0.026671648033363388
2050,209,7,0.1970581827599747
2050,209,10,0.7327418964088764
2050,209,24,0.07019992083114883
2050,210,1,0.013486271567622055
2050,210,7,0.12401524691549566
2050,210,8,0.046124786288973325
2050,210,10,0.608861442497282
2050,210,11,0.02552703535819111
2050,210,24,0.18198521737243584
2050,211,2,0.10571751902724533
2050,211,10,0.08986608906492853
2050,211,24,0.6409314881914763
2050,211,30,0.03948114095712138
2050,211,36,0.12400376275922859
2050,212,20,0.17366300064489976
2050,212,22,0.041583403509746576
2050,212,24,0.07606606469101464
2050,212,36,0.708687531154339
2050,213,20,0.7541740071745127
2050,213,23,0.0755096929774869
2050,213,30,0.08053420124860204
2050,213,35,0.04297806045131762
2050,213,36,0.04680403814808087
2050,214,4,0.04781359279918055
2050,214,20,0.8149669943295805
2050,214,23,0.137219412871239
2050,215,10,0.6414829027357491
2050,215,19,0.06443713065222834
2050,215,20,0.2940799666120227
2050,216,1,0.043346101364750506
2050,216,3,0.024223695857126002
2050,216,4,0.205719898021734
2050,216,10,0.4457807663718765
2050,216,20,0.28092953838451296
2050,217,3,0.0733179312848107
2050,217,10,0.22302668653785537
2050,217,20,0.5772551779311951
2050,217,34,0.06776285352840157
2050,217,35,0.05863735071773737
2050,218,20,1.0
2050,219,20,0.9189805206158571
2050,219,23,0.03136284759252137
2050,219,24,0.04965663179162158
2050,220,12,0.026024346328358615
2050,220,20,0.8925295254904382
2050,220,23,0.08144612818120324
2050,221,20,0.9851827955213084
2050,221,27,0.014817204478691608
2050,222,20,1.0
2050,223,20,0.8501426816315462
2050,223,24,0.11946226148181308
2050,223,25,0.03039505688664068
2050,224,17,0.09190471940852712
2050,224,20,0.7630075696373727
2050,224,24,0.11316446733754197
2050,224,35,0.031923243616558246
2050,225,10,0.6305769748160436
2050,225,16,0.044506787742673984
2050,225,17,0.07332202346262995
2050,225,24,0.14890781102844025
2050,225,25,0.10268640295021232
2050,226,1,0.042764759840717564
2050,226,24,0.9572352401592824
2050,227,20,0.09583653736246675
2050,227,23,0.04636776589766251
2050,227,24,0.8577956967398708
2050,228,23,0.10790760339215069
2050,228,24,0.8340671957444877
2050,228,34,0.05802520086336163
2050,229,24,0.8926727345439424
2050,229,26,0.06690350055032945
2050,229,30,0.04042376490572816
2050,230,24,0.9746125953736499
2050,230,36,0.025387404626350186
2050,231,20,0.38993326600370787
2050,231,24,0.6100667339962922
2050,232,1,0.044834634101378876
2050,232,20,0.8769276231624193
2050,232,22,0.04708773274149364
2050,232,28,0.03115000999470819
2050,233,2,0.035328888825973175
2050,233,19,0.07211414466568117
2050,233,20,0.8925569665083456
2050,234,1,0.30710364070054014
2050,234,9,0.016034382268045055
2050,234,20,0.6768619770314148
2050,235,1,0.6443073152982035
2050,235,8,0.06298544561195135
2050,235,10,0.2927072390898452
2050,236,8,0.8097021747211398
2050,236,20,0.06520733228178985
2050,236,36,0.12509049299707037
2050,237,8,0.5605154876957554
2050,237,10,0.19058851010577343
2050,237,11,0.0582503665258647
2050,237,14,0.19064563567260648
2050,238,8,0.21116717312226696
2050,238,10,0.6080995388416339
2050,238,11,0.03117171199132683
2050,238,14,0.13845083332775135
2050,238,26,0.011110742717020986
2050,239,4,0.5826416965643407
2050,239,8,0.06493518841358485
2050,239,10,0.07491147131540811
2050,239,14,0.0759874869911203
2050,239,32,0.2015241567155461
2050,240,2,0.0760415891392802
2050,240,4,0.6576339407915466
2050,240,13,0.03670688419607402
2050,240,23,0.07248024038261745
2050,240,26,0.020963998616657042
2050,240,28,0.07654924087010523
2050,240,34,0.05962410600371954
2050,241,4,0.28748989121704704
2050,241,13,0.025487671344479938
2050,241,23,0.19093150457403169
2050,241,34,0.49609093286444134
2050,242,17,0.11028717897231904
2050,242,20,0.6097131959599021
2050,242,25,0.22248537623176348
2050,242,35,0.05751424883601535
2050,243,17,0.06415580498905317
2050,243,20,0.3186850466607268
2050,243,24,0.5024744024876516
2050,243,25,0.1146847458625685
2050,244,7,0.06489743356410221
2050,244,8,0.16208045720012812
2050,244,10,0.09518979005601653
2050,244,13,0.08777118544378702
2050,244,24,0.4890906743749236
2050,244,34,0.10097045936104256
2050,245,1,0.22805026596342062
2050,245,4,0.07609236233958877
2050,245,7,0.019268104106451172
2050,245,24,0.12054923923428476
2050,245,34,0.5560400283562545
2050,246,1,0.14068564992301416
2050,246,13,0.08273804816736417
2050,246,19,0.05928924818100838
2050,246,20,0.6854948139403874
2050,246,25,0.014833728544663926
2050,246,27,0.016958511243562104
2050,247,10,0.1136454262513914
2050,247,14,0.08643823778692532
2050,247,19,0.16819800079037353
2050,247,20,0.6317183351713099
2050,248,1,0.730692685087657
2050,248,8,0.1765575071505388
2050,248,10,0.0318000134348347
2050,248,14,0.029282509143397417
2050,248,26,0.03166728518357213
2050,249,1,0.7672923561551455
2050,249,7,0.03142339496907717
2050,249,16,0.13782411665990305
2050,249,17,0.06346013221587436
2050,250,5,0.042201962503212204
2050,250,8,0.014878622373097804
2050,250,16,0.0976047422726642
2050,250,24,0.6634490240947886
2050,250,28,0.059822966883768314
2050,250,35,0.12204268187246894
2050,251,18,0.03762130402468567
2050,251,20,0.062423690503226714
2050,251,23,0.058324405842833826
2050,251,28,0.09647534409346938
2050,251,34,0.697167834415857
2050,251,36,0.047987421119927584
2050,252,10,0.024859265323670058
2050,252,13,0.08311363143621575
2050,252,18,0.1413308581106633
2050,252,20,0.7369625859233496
2050,252,35,0.013733659206101157
2050,253,14,0.11007401433251011
2050,253,18,0.2709687090799492
2050,253,20,0.578324516812422
2050,253,22,0.04063275977511858
2050,254,1,0.7727411710717422
2050,254,4,0.1274701979739446
2050,254,20,0.09978863095431316
2050,255,1,0.5563589084565839
2050,255,2,0.09662247728644471
2050,255,4,0.0675100506012973
2050,255,5,0.012820835724449763
2050,255,10,0.09995172387733708
2050,255,32,0.1667360040538873
2050,256,8,0.5847446115578864
2050,256,23,0.3085557181331348
2050,256,24,0.06769917272098759
2050,256,28,0.03900049758799128
2050,257,2,0.05964848075001844
2050,257,5,0.13802744850872206
2050,257,8,0.7144612677232896
2050,257,35,0.08786280301796986
2050,258,2,0.04793925351445663
2050,258,7,0.05612978466419139
2050,258,8,0.8112321903153443
2050,258,13,0.04256960475244477
2050,258,21,0.012304797960641427
2050,258,26,0.029824368792921406
2050,259,8,0.7704834157620257
2050,259,22,0.2188493381911516
2050,259,25,0.010667246046822681
2050,260,8,0.7962819363625616
2050,260,16,0.20371806363743833
2050,261,26,0.14780600653884832
2050,261,33,0.1272507266716902
2050,261,34,0.6038968860440654
2050,261,35,0.12104638074539602
2050,262,16,0.04218821288153881
2050,262,23,0.07320964302905718
2050,262,34,0.8846021440894041
2050,263,18,0.06776099709983038
2050,263,20,0.2674206498514104
2050,263,22,0.02309153320700441
2050,263,25,0.02501435409502208
2050,263,29,0.6167124657467327
2050,264,18,0.035954849455474114
2050,264,20,0.5101028141011218
2050,264,22,0.11666637607866975
2050,264,25,0.19676367401077802
2050,264,29,0.14051228635395632
2050,265,3,0.059165066657458625
2050,265,7,0.04263705875854791
2050,265,8,0.06009713142940514
2050,265,18,0.06660657923798949
2050,265,24,0.517928729483773
2050,265,25,0.10283394765855845
2050,265,27,0.0647688994528449
2050,265,35,0.08596258732142242
2050,266,10,0.1477291418107866
2050,266,13,0.2816032458831386
2050,266,18,0.4710002781414986
2050,266,25,0.06323798411005525
2050,266,34,0.036429350054521095
2050,267,19,0.04858093039627616
2050,267,29,0.8851958633281053
2050,267,32,0.0662232062756185
2050,268,6,0.05070087105229428
2050,268,18,0.027162437888500795
2050,268,24,0.1257015734210945
2050,268,25,0.09780544694697886
2050,268,29,0.4244983653541548
2050,268,34,0.2741313053369767
2050,269,18,0.5777148044372907
2050,269,20,0.052010387977667036
2050,269,24,0.2199267576425997
2050,269,25,0.13736620012557263
2050,269,34,0.012981849816869805
2050,270,4,0.02070057815204035
2050,270,18,0.9792994218479596
2050,271,18,0.9108770395888536
2050,271,35,0.08912296041114644
2050,272,18,0.811750093231922
2050,272,35,0.1882499067680779
2050,273,7,0.04339123409060155
2050,273,18,0.1849870809447579
2050,273,22,0.012956294747195111
2050,273,35,0.7586653902174454
2050,274,5,0.012636313675830598
2050,274,35,0.9873636863241694
2050,275,23,0.10916861464094767
2050,275,28,0.07987082702766392
2050,275,34,0.08402232100263923
2050,275,35,0.7086146645014958
2050,275,36,0.018323572827253443
2050,276,6,0.023411465869083433
2050,276,17,0.12341871105863716
2050,276,20,0.08288403888221337
2050,276,25,0.651493824673598
2050,276,34,0.05989758951474832
2050,276,35,0.05889437000171969
2050,277,18,0.10947093454937601
2050,277,20,0.026081953061595047
2050,277,25,0.8644471123890289
2050,278,4,0.029574407109143403
2050,278,10,0.1778362186966697
2050,278,19,0.14903441128625974
2050,278,25,0.5601599145534732
2050,278,32,0.08339504835445405
2050,279,1,0.1118019691360603
2050,279,3,0.057322255960696906
2050,279,8,0.48240584649972296
2050,279,11,0.018738203935653692
2050,279,24,0.1472016993492632
2050,279,26,0.11626818614570249
2050,279,32,0.06626183897290043
2050,280,1,0.7456462652329819
2050,280,7,0.09779246170255414
2050,280,8,0.08229342860742761
2050,280,26,0.022731212479607348
2050,280,35,0.05153663197742907
2050,281,1,0.029924426403441663
2050,281,15,0.05241657642097045
2050,281,24,0.38746995009338947
2050,281,25,0.38701225231284525
2050,281,28,0.10373050820063523
2050,281,29,0.03944628656871795
2050,282,15,0.044316720724214095
2050,282,20,0.2616427923422312
2050,282,25,0.6940404869335548
2050,283,22,0.23064307117639912
2050,283,25,0.04975925772098516
2050,283,29,0.6823011913797452
2050,283,35,0.03729647972287046
2050,284,1,0.013173149836148073
2050,284,15,0.03243695555197368
2050,284,16,0.1643088268993948
2050,284,22,0.030613058155531652
2050,284,29,0.7203311989493371
2050,284,35,0.03913681060761457
2050,285,1,0.5018006058722967
2050,285,6,0.018945423265647944
2050,285,15,0.04135394610140129
2050,285,20,0.013567694923370843
2050,285,25,0.4243323298372833
2050,286,1,0.29922438462953793
2050,286,15,0.028462426150410183
2050,286,25,0.024399538271745014
2050,286,29,0.5629117943038799
2050,286,35,0.08500185664442689
2050,287,1,0.10943126828056177
2050,287,8,0.012519331965897794
2050,287,15,0.03447581816943119
2050,287,28,0.049032962373918326
2050,287,29,0.7945406192101909
2050,288,1,0.19460345866945963
2050,288,24,0.1359379919902803
2050,288,28,0.5642078032926056
2050,288,29,0.1052507460476545
2050,289,1,0.6152003112609886
2050,289,25,0.05216375329406116
2050,289,28,0.25270500316206973
2050,289,34,0.07993093228288053
2050,290,1,0.1429507861650195
2050,290,25,0.8570492138349806
2050,291,20,0.017102878192447286
2050,291,24,0.13499819860026013
2050,291,25,0.8478989232072927
2050,292,18,0.015076350735680437
2050,292,20,0.11048723669321525
2050,292,25,0.8744364125711043
2050,293,18,0.14385725690666462
2050,293,25,0.6927111702523367
2050,293,29,0.11553166560124994
2050,293,31,0.047899907239748574
2050,294,2,0.06695073147725562
2050,294,13,0.14580269036252405
2050,294,14,0.07061979055787292
2050,294,19,0.06590709048802888
2050,294,29,0.6507196971143184
2050,295,1,0.022910251718550458
2050,295,2,0.7976813242270886
2050,295,15,0.1306327151623685
2050,295,35,0.048775708891992335
2050,296,11,0.02686328041373741
2050,296,28,0.9731367195862626
2050,297,1,0.5333254137523773
2050,297,13,0.19025774215405264
2050,297,15,0.07525229054972463
2050,297,19,0.2011645535438456
2050,298,4,0.2150606694127701
2050,298,11,0.09097750143210394
2050,298,26,0.012318487773646702
2050,298,27,0.03442889184982957
2050,298,28,0.582127735516004
2050,298,34,0.06508671401564556
2050,299,5,0.012966952179656224
2050,299,11,0.06814051983249901
2050,299,13,0.9025851765950347
2050,299,14,0.016307351392810074
2050,300,8,0.11115114723830864
2050,300,11,0.02962394581294759
2050,300,13,0.7960810163496579
2050,300,15,0.0631438905990858
2050,301,1,0.5665490114769326
2050,301,8,0.11862488271093641
2050,301,12,0.059456903422316014
2050,301,15,0.057541131771521835
2050,301,25,0.10156863178002751
2050,301,27,0.026094174168974832
2050,301,28,0.024219784491204578
2050,301,29,0.045945480178086286
2050,302,13,0.6883530671095799
2050,302,20,0.12675096310142034
2050,302,22,0.1326549969032716
2050,302,25,0.05224097288572832
2050,303,13,0.05369820354732193
2050,303,19,0.324159390602255
2050,303,20,0.06535697281864822
2050,303,22,0.03195048994398441
2050,303,27,0.08797697151782345
2050,303,29,0.436857971569967
2050,304,1,0.10596747399546981
2050,304,2,0.5444930091883505
2050,304,6,0.11222905615963477
2050,304,27,0.038902566450998516
2050,304,29,0.03644514462071481
2050,304,35,0.16196274958483167
2050,305,2,0.022545879594876965
2050,305,12,0.1256624877305177
2050,305,23,0.618555966474382
2050,305,28,0.09345878939030788
2050,305,35,0.13977687680991552
2050,306,8,0.04344684598132645
2050,306,23,0.89392848287881
2050,306,34,0.03990540715242619
2050,306,35,0.022719263987437347
2050,307,3,0.08671548871742132
2050,307,17,0.061888623753829385
2050,307,23,0.14474712020316832
2050,307,25,0.6738895234591294
2050,307,35,0.03275924386645161
2050,308,14,0.07589554578504727
2050,308,17,0.07440447423121116
2050,308,25,0.8342083718106196
2050,308,27,0.015491608173122128
2050,309,14,0.256291519219371
2050,309,20,0.11179268510005165
2050,309,25,0.5969735887389948
2050,309,27,0.03494220694158254
2050,310,14,0.5238239323600401
2050,310,19,0.07366221829859329
2050,310,20,0.1732175966841463
2050,310,25,0.15952965950551087
2050,310,27,0.06976659315170936
2050,311,4,0.025242013176325254
2050,311,14,0.7288280411179942
2050,311,17,0.03173090682190943
2050,311,25,0.04115711005744362
2050,311,26,0.12332652332981342
2050,311,34,0.04971540549651414
2050,312,13,0.04637421184430011
2050,312,14,0.6267764303885364
2050,312,23,0.048577029713886236
2050,312,26,0.11190575893446725
2050,312,28,0.12943556155954072
2050,312,36,0.036931007559269265
2050,313,5,0.2850033873559883
2050,313,14,0.6900721769933404
2050,313,32,0.02492443565067129
2050,314,5,0.28876359299275733
2050,314,7,0.06219604947901236
2050,314,14,0.6490403575282302
2050,315,14,0.8999038104191999
2050,315,28,0.04538572088766468
2050,315,30,0.05471046869313546
2050,316,4,0.11089157664351999
2050,316,14,0.7535962997090185
2050,316,28,0.13551212364746135
2050,317,14,0.7561675022619585
2050,317,32,0.24383249773804147
2050,318,5,0.5745907798999453
2050,318,11,0.011552070201462532
2050,318,14,0.41385714989859224
2050,319,7,0.06334606022679733
2050,319,14,0.666865394670102
2050,319,18,0.2697885451031007
2050,320,14,0.7941043007026198
2050,320,19,0.20589569929738002
2050,321,5,0.25321945469047324
2050,321,8,0.10865756945206001
2050,321,13,0.043144920130690004
2050,321,14,0.5822137607587008
2050,321,35,0.012764294968076014
2050,322,1,0.01625923681466331
2050,322,5,0.5053803191259417
2050,322,7,0.09917999348902912
2050,322,14,0.3791804505703659
2050,323,1,0.05864508152096888
2050,323,5,0.6072164564292658
2050,323,7,0.04205395379768997
2050,323,14,0.2576504565430366
2050,323,24,0.03443405170903872
2050,324,5,0.34700613978921924
2050,324,12,0.03438990380571113
2050,324,14,0.0758375694416475
2050,324,18,0.542766386963422
2050,325,2,0.1757118711563189
2050,325,12,0.1820060749499808
2050,325,19,0.512612351682955
2050,325,22,0.12966970221074509
2050,326,1,0.0795230919083772
2050,326,2,0.12456300046661906
2050,326,16,0.09562986976134442
2050,326,19,0.5606176723221425
2050,326,22,0.01337093338188414
2050,326,27,0.04097121882445041
2050,326,28,0.08532421333518225
2050,327,14,0.143625227870788
2050,327,20,0.03970137993792773
2050,327,22,0.22557029479351043
2050,327,25,0.4539217664732838
2050,327,27,0.1371813309244901
2050,328,2,0.0848338883720067
2050,328,11,0.03592898436299077
2050,328,14,0.10748407662026642
2050,328,32,0.7424944207597408
2050,328,35,0.029258629884995203
2050,329,12,0.2710812271541456
2050,329,13,0.1977244619292027
2050,329,26,0.024424709770471363
2050,329,32,0.5067696011461803
2050,330,2,0.12815321468604648
2050,330,12,0.46015248237789436
2050,330,22,0.2270669116256148
2050,330,27,0.15165948674221627
2050,330,35,0.03296790456822818
2050,331,2,0.8908345220997496
2050,331,26,0.10916547790025051
2050,332,5,0.21633329948093954
2050,332,26,0.13234311892093373
2050,332,32,0.6513235815981266
2050,333,5,0.8815791873490091
2050,333,26,0.0323782955392609
2050,333,32,0.08604251711173008
2050,334,5,0.9020126675997765
2050,334,16,0.025655906176700292
2050,334,26,0.04130540080763188
2050,334,35,0.03102602541589134
2050,335,5,0.7801071668000894
2050,335,6,0.029484311936855356
2050,335,18,0.04237736957440139
2050,335,26,0.046601986624596185
2050,335,28,0.06348055904875853
2050,335,36,0.0379486060152991
2050,336,1,0.022478007244190436
2050,336,6,0.0384587202727926
2050,336,7,0.029934144081190262
2050,336,14,0.5484650267963551
2050,336,26,0.28536794361159645
2050,336,27,0.02117720264878719
2050,336,30,0.05411895534508806
2050,337,25,0.21370446751624828
2050,337,26,0.7862955324837516
2050,338,5,0.03906050045706781
2050,338,26,0.9609394995429322
2050,339,5,0.012973348187596032
2050,339,26,0.987026651812404
2050,340,5,0.06695401871002128
2050,340,16,0.0120630209148993
2050,340,26,0.9209829603750794
2050,341,23,0.23493745842161684
2050,341,26,0.7034671692485418
2050,341,27,0.061595372329841365
2050,342,15,0.024369072585556286
2050,342,19,0.24899841932527345
2050,342,26,0.7059670844577635
2050,342,27,0.02066542363140693
2050,343,2,0.08256591600228558
2050,343,26,0.9174340839977144
2050,344,2,0.25298163123030315
2050,344,26,0.747018368769697
2050,345,5,0.19409069284750616
2050,345,26,0.8059093071524938
2050,346,5,0.11929467670647932
2050,346,26,0.5241736401902894
2050,346,27,0.2400283671598983
2050,346,28,0.06681460444710303
2050,346,30,0.0496887114962298
2050,347,5,0.041146743237870056
2050,347,16,0.033419050781314186
2050,347,27,0.9254342059808158
2050,348,13,0.02402875480773396
2050,348,23,0.027420663223862243
2050,348,27,0.9485505819684038
2050,349,13,0.12276264253625256
2050,349,19,0.02881113136931369
2050,349,27,0.8484262260944337
2050,350,10,0.024679957613954258
2050,350,19,0.10586041300472106
2050,350,26,0.5963561538178065
2050,350,27,0.2731034755635182
2050,351,19,0.09249142899194976
2050,351,26,0.6463238727330732
2050,351,27,0.261184698274977
2050,352,26,0.8966596881484257
2050,352,27,0.10334031185157432
2050,353,26,0.9552239378455983
2050,353,27,0.04477606215440169
2050,354,26,1.0
2050,355,5,0.1311341404790649
2050,355,26,0.8688658595209351
2050,356,5,0.16807665628310353
2050,356,7,0.07330363568275754
2050,356,26,0.758619708034139
2050,357,5,0.08139866199779645
2050,357,7,0.01944392314689048
2050,357,26,0.899157414855313
2050,358,26,0.6976224465966286
2050,358,32,0.3023775534033713
2050,359,8,0.08433592306593159
2050,359,26,0.7801711447982237
2050,359,32,0.10170242983727429
2050,359,33,0.017444829213848538
2050,359,35,0.01634567308472182
2050,360,13,0.12498543572936494
2050,360,16,0.06825752772984486
2050,360,21,0.2252916372604787
2050,360,26,0.5814653992803115
2050,361,24,0.035261898343033775
2050,361,27,0.3375476956704606
2050,361,32,0.6271904059865057
2050,362,13,0.04778896082420683
2050,362,25,0.044818979129895464
2050,362,26,0.045960503348118194
2050,362,27,0.2989860064164616
2050,362,32,0.5624455502813179
2050,363,1,0.21574259992932843
2050,363,14,0.048120303118034904
2050,363,19,0.12510146389408397
2050,363,26,0.11300443729618295
2050,363,27,0.09735951356433117
2050,363,32,0.40067168219803856
2050,364,2,0.20724123342098247
2050,364,16,0.10638371308500931
2050,364,19,0.050400314090075504
2050,364,32,0.6359747394039327
2050,365,5,0.0871975610820805
2050,365,16,0.011778609089842504
2050,365,26,0.12453100858955772
2050,365,28,0.031093065783267395
2050,365,32,0.7033307075280393
2050,365,35,0.042069047927212604
