,,,
year,rep_period,num_timesteps,resolution
2050,1,24,1.0
2050,2,24,1.0
2050,3,24,1.0
2050,4,24,1.0
2050,5,24,1.0
2050,6,24,1.0
2050,7,24,1.0
2050,8,24,1.0
2050,9,24,1.0
2050,10,24,1.0
2050,11,24,1.0
2050,12,24,1.0
2050,13,24,1.0
2050,14,24,1.0
2050,15,24,1.0
2050,16,24,1.0
2050,17,24,1.0
2050,18,24,1.0
2050,19,24,1.0
2050,20,24,1.0
2050,21,24,1.0
2050,22,24,1.0
2050,23,24,1.0
2050,24,24,1.0
2050,25,24,1.0
2050,26,24,1.0
2050,27,24,1.0
2050,28,24,1.0
2050,29,24,1.0
2050,30,24,1.0
2050,31,24,1.0
2050,32,24,1.0
2050,33,24,1.0
2050,34,24,1.0
2050,35,24,1.0
2050,36,24,1.0
2050,37,24,1.0
2050,38,24,1.0
2050,39,24,1.0
2050,40,24,1.0
2050,41,24,1.0
2050,42,24,1.0
2050,43,24,1.0
2050,44,24,1.0
2050,45,24,1.0
2050,46,24,1.0
2050,47,24,1.0
2050,48,24,1.0
2050,49,24,1.0
2050,50,24,1.0
2050,51,24,1.0
2050,52,24,1.0
2050,53,24,1.0
2050,54,24,1.0
2050,55,24,1.0
2050,56,24,1.0
2050,57,24,1.0
2050,58,24,1.0
2050,59,24,1.0
2050,60,24,1.0
2050,61,24,1.0
2050,62,24,1.0
2050,63,24,1.0
2050,64,24,1.0
2050,65,24,1.0
2050,66,24,1.0
2050,67,24,1.0
2050,68,24,1.0
2050,69,24,1.0
2050,70,24,1.0
2050,71,24,1.0
2050,72,24,1.0
2050,73,24,1.0
2050,74,24,1.0
2050,75,24,1.0
2050,76,24,1.0
2050,77,24,1.0
2050,78,24,1.0
2050,79,24,1.0
2050,80,24,1.0
2050,81,24,1.0
2050,82,24,1.0
2050,83,24,1.0
2050,84,24,1.0
2050,85,24,1.0
2050,86,24,1.0
2050,87,24,1.0
2050,88,24,1.0
2050,89,24,1.0
2050,90,24,1.0
2050,91,24,1.0
2050,92,24,1.0
2050,93,24,1.0
2050,94,24,1.0
2050,95,24,1.0
2050,96,24,1.0
2050,97,24,1.0
2050,98,24,1.0
2050,99,24,1.0
2050,100,24,1.0
